kedeputian;direktorat;detail;belanja;anggaran
Badan Ketahanan Pangan;Pusat Distribusi dan Cadangan Pangan;Belanja Bahan;Belanja Bahan;844690000
Badan Ketahanan Pangan;Pusat Distribusi dan Cadangan Pangan;Belanja Barang Non Operasional Lainnya;Belanja Barang;1178673000
Badan Ketahanan Pangan;Pusat Distribusi dan Cadangan Pangan;Belanja Barang Persediaan Barang Konsumsi;Belanja Barang;812945000
Badan Ketahanan Pangan;Pusat Distribusi dan Cadangan Pangan;Belanja Barang untuk Bantuan Lainnya yang Memiliki Karakteristik Bantuan Pemerintah;Belanja Barang;11000000000
Badan Ketahanan Pangan;Pusat Distribusi dan Cadangan Pangan;Belanja Jasa Konsultan;Belanja Jasa;45000000
Badan Ketahanan Pangan;Pusat Distribusi dan Cadangan Pangan;Belanja Jasa Profesi;Belanja Jasa;317900000
Badan Ketahanan Pangan;Pusat Distribusi dan Cadangan Pangan;Belanja Modal Peralatan dan Mesin;Belanja Modal;465000000
Badan Ketahanan Pangan;Pusat Distribusi dan Cadangan Pangan;Belanja pengiriman surat dinas pos pusat;Belanja Jasa;14582000
Badan Ketahanan Pangan;Pusat Distribusi dan Cadangan Pangan;Belanja perjalanan biasa;Belanja Perjalanan;2992500000
Badan Ketahanan Pangan;Pusat Distribusi dan Cadangan Pangan;Belanja perjalanan biasa - luar negeri;Belanja Perjalanan;100000000
Badan Ketahanan Pangan;Pusat Distribusi dan Cadangan Pangan;Belanja Perjalanan Dinas Dalam Kota;Belanja Perjalanan;242040000
Badan Ketahanan Pangan;Pusat Distribusi dan Cadangan Pangan;Belanja Perjalanan Dinas Paket Meeting Dalam Kota;Belanja Perjalanan;37500000
Badan Ketahanan Pangan;Pusat Distribusi dan Cadangan Pangan;Belanja Perjalanan Dinas Paket Meeting Luar Kota;Belanja Perjalanan;2442530000
Badan Ketahanan Pangan;Pusat Distribusi dan Cadangan Pangan;Belanja Sewa;Belanja Barang;518400000
Badan Ketahanan Pangan;Pusat Distribusi dan Cadangan Pangan;Honor Output Kegiatan;Belanja Pegawai;2692840000
Badan Ketahanan Pangan;Pusat Ketersediaan dan Kerawanan Pangan;Belanja Bahan;Belanja Bahan;1002684000
Badan Ketahanan Pangan;Pusat Ketersediaan dan Kerawanan Pangan;Belanja Barang Non Operasional Lainnya;Belanja Barang;1072500000
Badan Ketahanan Pangan;Pusat Ketersediaan dan Kerawanan Pangan;Belanja Barang Persediaan Barang Konsumsi;Belanja Barang;244950000
Badan Ketahanan Pangan;Pusat Ketersediaan dan Kerawanan Pangan;Belanja Biaya Pemeliharaan Peralatan dan Mesin;Belanja Jasa;6000000
Badan Ketahanan Pangan;Pusat Ketersediaan dan Kerawanan Pangan;Belanja Jasa Konsultan;Belanja Jasa;7660000000
Badan Ketahanan Pangan;Pusat Ketersediaan dan Kerawanan Pangan;Belanja Jasa Lainnya;Belanja Jasa;248000000
Badan Ketahanan Pangan;Pusat Ketersediaan dan Kerawanan Pangan;Belanja Jasa Profesi;Belanja Jasa;910100000
Badan Ketahanan Pangan;Pusat Ketersediaan dan Kerawanan Pangan;Belanja Modal Peralatan dan Mesin;Belanja Modal;165500000
Badan Ketahanan Pangan;Pusat Ketersediaan dan Kerawanan Pangan;Belanja pengiriman surat dinas pos pusat;Belanja Jasa;3000000
Badan Ketahanan Pangan;Pusat Ketersediaan dan Kerawanan Pangan;Belanja perjalanan biasa;Belanja Perjalanan;3978000000
Badan Ketahanan Pangan;Pusat Ketersediaan dan Kerawanan Pangan;Belanja perjalanan biasa - luar negeri;Belanja Perjalanan;300000000
Badan Ketahanan Pangan;Pusat Ketersediaan dan Kerawanan Pangan;Belanja Perjalanan Dinas Dalam Kota;Belanja Perjalanan;104730000
Badan Ketahanan Pangan;Pusat Ketersediaan dan Kerawanan Pangan;Belanja Perjalanan Dinas Paket Meeting Dalam Kota;Belanja Perjalanan;453250000
Badan Ketahanan Pangan;Pusat Ketersediaan dan Kerawanan Pangan;Belanja Perjalanan Dinas Paket Meeting Luar Kota;Belanja Perjalanan;3875350000
Badan Ketahanan Pangan;Pusat Ketersediaan dan Kerawanan Pangan;Belanja perjalanan lainnya - luar negeri;Belanja Perjalanan;143300000
Badan Ketahanan Pangan;Pusat Ketersediaan dan Kerawanan Pangan;Belanja Sewa;Belanja Barang;60000000
Badan Ketahanan Pangan;Pusat Ketersediaan dan Kerawanan Pangan;Honor Output Kegiatan;Belanja Pegawai;818920000
Badan Ketahanan Pangan;Pusat Penganekaragaman Konsumsi dan Keamanan Pangan;Belanja Bahan;Belanja Bahan;503212000
Badan Ketahanan Pangan;Pusat Penganekaragaman Konsumsi dan Keamanan Pangan;Belanja Barang Non Operasional Lainnya;Belanja Barang;3272650000
Badan Ketahanan Pangan;Pusat Penganekaragaman Konsumsi dan Keamanan Pangan;Belanja Barang Persediaan Barang Konsumsi;Belanja Barang;310300000
Badan Ketahanan Pangan;Pusat Penganekaragaman Konsumsi dan Keamanan Pangan;Belanja Jasa Konsultan;Belanja Jasa;100000000
Badan Ketahanan Pangan;Pusat Penganekaragaman Konsumsi dan Keamanan Pangan;Belanja Jasa Profesi;Belanja Jasa;308800000
Badan Ketahanan Pangan;Pusat Penganekaragaman Konsumsi dan Keamanan Pangan;Belanja Modal Peralatan dan Mesin;Belanja Modal;90000000
Badan Ketahanan Pangan;Pusat Penganekaragaman Konsumsi dan Keamanan Pangan;Belanja pengiriman surat dinas pos pusat;Belanja Jasa;9820000
Badan Ketahanan Pangan;Pusat Penganekaragaman Konsumsi dan Keamanan Pangan;Belanja perjalanan biasa;Belanja Perjalanan;2968500000
Badan Ketahanan Pangan;Pusat Penganekaragaman Konsumsi dan Keamanan Pangan;Belanja perjalanan biasa - luar negeri;Belanja Perjalanan;250000000
Badan Ketahanan Pangan;Pusat Penganekaragaman Konsumsi dan Keamanan Pangan;Belanja Perjalanan Dinas Dalam Kota;Belanja Perjalanan;99780000
Badan Ketahanan Pangan;Pusat Penganekaragaman Konsumsi dan Keamanan Pangan;Belanja Perjalanan Dinas Paket Meeting Dalam Kota;Belanja Perjalanan;9000000
Badan Ketahanan Pangan;Pusat Penganekaragaman Konsumsi dan Keamanan Pangan;Belanja Perjalanan Dinas Paket Meeting Luar Kota;Belanja Perjalanan;2055600000
Badan Ketahanan Pangan;Pusat Penganekaragaman Konsumsi dan Keamanan Pangan;Belanja Sewa;Belanja Barang;308000000
Badan Ketahanan Pangan;Pusat Penganekaragaman Konsumsi dan Keamanan Pangan;Honor Output Kegiatan;Belanja Pegawai;114338000
Badan Ketahanan Pangan;Sek. BKP;Belanja Bahan;Belanja Bahan;2164550000
Badan Ketahanan Pangan;Sek. BKP;Belanja Barang Non Operasional Lainnya;Belanja Barang;2964100000
Badan Ketahanan Pangan;Sek. BKP;Belanja Barang Operasional Lainnya;Belanja Barang;33500000
Badan Ketahanan Pangan;Sek. BKP;Belanja Barang Persediaan Barang Konsumsi;Belanja Barang;873431000
Badan Ketahanan Pangan;Sek. BKP;Belanja Biaya Pemeliharaan Gedung dan Bangunan Lainnya;Belanja Modal;402869000
Badan Ketahanan Pangan;Sek. BKP;Belanja Biaya Pemeliharaan Peralatan dan Mesin;Belanja Modal;2633580000
Badan Ketahanan Pangan;Sek. BKP;Belanja Gaji Pokok PNS;Belanja Pegawai;16282000000
Badan Ketahanan Pangan;Sek. BKP;Belanja Jasa Lainnya;Belanja Jasa;50000000
Badan Ketahanan Pangan;Sek. BKP;Belanja Jasa Profesi;Belanja Jasa;1228100000
Badan Ketahanan Pangan;Sek. BKP;Belanja Keperluan Perkantoran;Belanja Modal;1981280000
Badan Ketahanan Pangan;Sek. BKP;Belanja Langganan Telepon;Belanja Modal;156000000
Badan Ketahanan Pangan;Sek. BKP;Belanja Modal Gedung dan Bangunan;Belanja Modal;550000000
Badan Ketahanan Pangan;Sek. BKP;Belanja Modal Lainnya;Belanja Modal;318500000
Badan Ketahanan Pangan;Sek. BKP;Belanja Modal Peralatan dan Mesin;Belanja Modal;911000000
Badan Ketahanan Pangan;Sek. BKP;Belanja Pembulatan Gaji PNS;Belanja Pegawai;201000
Badan Ketahanan Pangan;Sek. BKP;Belanja Penambah Daya Tahan Tubuh;Belanja Modal;46000000
Badan Ketahanan Pangan;Sek. BKP;Belanja pengiriman surat dinas pos pusat;Belanja Jasa;99540000
Badan Ketahanan Pangan;Sek. BKP;Belanja perjalanan biasa;Belanja Perjalanan;7408000000
Badan Ketahanan Pangan;Sek. BKP;Belanja perjalanan biasa - luar negeri;Belanja Perjalanan;1100000000
Badan Ketahanan Pangan;Sek. BKP;Belanja Perjalanan Dinas Dalam Kota;Belanja Perjalanan;313240000
Badan Ketahanan Pangan;Sek. BKP;Belanja Perjalanan Dinas Paket Meeting Dalam Kota;Belanja Perjalanan;651510000
Badan Ketahanan Pangan;Sek. BKP;Belanja Perjalanan Dinas Paket Meeting Luar Kota;Belanja Perjalanan;9265900000
Badan Ketahanan Pangan;Sek. BKP;Belanja Sewa;Belanja Barang;320560000
Badan Ketahanan Pangan;Sek. BKP;Belanja Tunj. Anak PNS;Belanja Pegawai;275289000
Badan Ketahanan Pangan;Sek. BKP;Belanja Tunj. Beras PNS;Belanja Pegawai;899565000
Badan Ketahanan Pangan;Sek. BKP;Belanja Tunj. Fungsional PNS;Belanja Pegawai;712026000
Badan Ketahanan Pangan;Sek. BKP;Belanja Tunj. PPh PNS;Belanja Pegawai;89524000
Badan Ketahanan Pangan;Sek. BKP;Belanja Tunj. Struktural PNS;Belanja Pegawai;689871000
Badan Ketahanan Pangan;Sek. BKP;Belanja Tunj. Suami/Istri PNS;Belanja Pegawai;1064562000
Badan Ketahanan Pangan;Sek. BKP;Belanja Tunjangan Umum PNS;Belanja Pegawai;572549000
Badan Ketahanan Pangan;Sek. BKP;Belanja uang lembur;Belanja Pegawai;215040000
Badan Ketahanan Pangan;Sek. BKP;Belanja Uang Makan PNS;Belanja Pegawai;2895223000
Badan Ketahanan Pangan;Sek. BKP;Honor Operasional Satuan Kerja;Belanja Pegawai;591840000
Badan Ketahanan Pangan;Sek. BKP;Honor Output Kegiatan;Belanja Pegawai;810350000
BPPSDMP;Pusat Pelatihan Pertanian;Belanja Bahan;Belanja Bahan;1010547000
BPPSDMP;Pusat Pelatihan Pertanian;Belanja Barang Non Operasional Lainnya;Belanja Barang;509000000
BPPSDMP;Pusat Pelatihan Pertanian;Belanja Barang Persediaan Barang Konsumsi;Belanja Barang;144000000
BPPSDMP;Pusat Pelatihan Pertanian;Belanja Jasa Konsultan;Belanja Jasa;35000000
BPPSDMP;Pusat Pelatihan Pertanian;Belanja Jasa Profesi;Belanja Jasa;401880000
BPPSDMP;Pusat Pelatihan Pertanian;Belanja Modal Peralatan dan Mesin;Belanja Modal;80277000
BPPSDMP;Pusat Pelatihan Pertanian;Belanja pengiriman surat dinas pos pusat;Belanja Jasa;26265000
BPPSDMP;Pusat Pelatihan Pertanian;Belanja perjalanan biasa;Belanja Perjalanan;4322640000
BPPSDMP;Pusat Pelatihan Pertanian;Belanja Perjalanan Dinas Dalam Kota;Belanja Perjalanan;40600000
BPPSDMP;Pusat Pelatihan Pertanian;Belanja Perjalanan Dinas Paket Meeting Dalam Kota;Belanja Perjalanan;54400000
BPPSDMP;Pusat Pelatihan Pertanian;Belanja Perjalanan Dinas Paket Meeting Luar Kota;Belanja Perjalanan;7481612000
BPPSDMP;Pusat Pelatihan Pertanian;Belanja perjalanan lainnya - luar negeri;Belanja Perjalanan;1042248000
BPPSDMP;Pusat Pelatihan Pertanian;Belanja Sewa;Belanja Barang;15000000
BPPSDMP;Pusat Pelatihan Pertanian;Honor Output Kegiatan;Belanja Pegawai;48800000
BPPSDMP;Pusat Penyuluhan Pertanian;Belanja Bahan;Belanja Bahan;1164679000
BPPSDMP;Pusat Penyuluhan Pertanian;Belanja Barang Non Operasional Lainnya;Belanja Barang;7320456000
BPPSDMP;Pusat Penyuluhan Pertanian;Belanja Barang Persediaan Barang Konsumsi;Belanja Barang;20000000
BPPSDMP;Pusat Penyuluhan Pertanian;Belanja Jasa Konsultan;Belanja Jasa;100000000
BPPSDMP;Pusat Penyuluhan Pertanian;Belanja Jasa Lainnya;Belanja Jasa;450000000
BPPSDMP;Pusat Penyuluhan Pertanian;Belanja Jasa Profesi;Belanja Jasa;862100000
BPPSDMP;Pusat Penyuluhan Pertanian;Belanja pengiriman surat dinas pos pusat;Belanja Jasa;277400000
BPPSDMP;Pusat Penyuluhan Pertanian;Belanja perjalanan biasa;Belanja Perjalanan;8084230000
BPPSDMP;Pusat Penyuluhan Pertanian;Belanja perjalanan biasa - luar negeri;Belanja Perjalanan;450000000
BPPSDMP;Pusat Penyuluhan Pertanian;Belanja Perjalanan Dinas Dalam Kota;Belanja Perjalanan;62800000
BPPSDMP;Pusat Penyuluhan Pertanian;Belanja Perjalanan Dinas Paket Meeting Dalam Kota;Belanja Perjalanan;96800000
BPPSDMP;Pusat Penyuluhan Pertanian;Belanja Perjalanan Dinas Paket Meeting Luar Kota;Belanja Perjalanan;3874800000
BPPSDMP;Pusat Penyuluhan Pertanian;Belanja Sewa;Belanja Barang;120600000
BPPSDMP;Pusat Penyuluhan Pertanian;Honor Output Kegiatan;Belanja Pegawai;111950000
BPPSDMP;Sek BPPSDMP;Belanja Bahan;Belanja Bahan;7485420000
BPPSDMP;Sek BPPSDMP;Belanja Barang Non Operasional Lainnya;Belanja Barang;40257730000
BPPSDMP;Sek BPPSDMP;Belanja Barang Persediaan Barang Konsumsi;Belanja Barang;915552000
BPPSDMP;Sek BPPSDMP;Belanja Barang Persediaan Pemeliharaan Gedung dan Bangunan;Belanja Barang;30540000
BPPSDMP;Sek BPPSDMP;Belanja Barang Persediaan Pemeliharaan Peralatan dan Mesin;Belanja Barang;621580000
BPPSDMP;Sek BPPSDMP;Belanja Biaya Pemeliharaan Gedung dan Bangunan;Belanja Modal;668640000
BPPSDMP;Sek BPPSDMP;Belanja Biaya Pemeliharaan Peralatan dan Mesin;Belanja Modal;1230649000
BPPSDMP;Sek BPPSDMP;Belanja Gaji Pokok PNS;Belanja Pegawai;17537559000
BPPSDMP;Sek BPPSDMP;Belanja Jasa Konsultan;Belanja Jasa;49000000
BPPSDMP;Sek BPPSDMP;Belanja Jasa Lainnya;Belanja Jasa;190000000
BPPSDMP;Sek BPPSDMP;Belanja Jasa Profesi;Belanja Jasa;4382500000
BPPSDMP;Sek BPPSDMP;Belanja Keperluan Perkantoran;Belanja Modal;1249425000
BPPSDMP;Sek BPPSDMP;Belanja Langganan Listrik;Belanja Modal;18000000
BPPSDMP;Sek BPPSDMP;Belanja Langganan Telepon;Belanja Modal;144480000
BPPSDMP;Sek BPPSDMP;Belanja Modal Gedung dan Bangunan;Belanja Modal;150595000
BPPSDMP;Sek BPPSDMP;Belanja Modal Lainnya;Belanja Modal;30000000
BPPSDMP;Sek BPPSDMP;Belanja Modal Peralatan dan Mesin;Belanja Modal;1957909000
BPPSDMP;Sek BPPSDMP;Belanja Pembulatan Gaji PNS;Belanja Pegawai;204000
BPPSDMP;Sek BPPSDMP;Belanja pengiriman surat dinas pos pusat;Belanja Jasa;276700000
BPPSDMP;Sek BPPSDMP;Belanja Peralatan dan Mesin untuk diserahkan kepada masyarakat/Pemda;Belanja Modal;7868720000
BPPSDMP;Sek BPPSDMP;Belanja perjalanan biasa;Belanja Perjalanan;19630822000
BPPSDMP;Sek BPPSDMP;Belanja perjalanan biasa - luar negeri;Belanja Perjalanan;940000000
BPPSDMP;Sek BPPSDMP;Belanja Perjalanan Dinas Dalam Kota;Belanja Perjalanan;403060000
BPPSDMP;Sek BPPSDMP;Belanja Perjalanan Dinas Paket Meeting Dalam Kota;Belanja Perjalanan;885400000
BPPSDMP;Sek BPPSDMP;Belanja Perjalanan Dinas Paket Meeting Luar Kota;Belanja Perjalanan;21660756000
BPPSDMP;Sek BPPSDMP;Belanja perjalanan lainnya - luar negeri;Belanja Perjalanan;1030000000
BPPSDMP;Sek BPPSDMP;Belanja Sewa;Belanja Barang;991021000
BPPSDMP;Sek BPPSDMP;Belanja Tunj. Anak PNS;Belanja Pegawai;337269000
BPPSDMP;Sek BPPSDMP;Belanja Tunj. Beras PNS;Belanja Pegawai;851442000
BPPSDMP;Sek BPPSDMP;Belanja Tunj. Fungsional PNS;Belanja Pegawai;395540000
BPPSDMP;Sek BPPSDMP;Belanja Tunj. PPh PNS;Belanja Pegawai;277374000
BPPSDMP;Sek BPPSDMP;Belanja Tunj. Struktural PNS;Belanja Pegawai;641350000
BPPSDMP;Sek BPPSDMP;Belanja Tunj. Suami/Istri PNS;Belanja Pegawai;1164411000
BPPSDMP;Sek BPPSDMP;Belanja Tunjangan Umum PNS;Belanja Pegawai;630700000
BPPSDMP;Sek BPPSDMP;Belanja Uang Makan PNS;Belanja Pegawai;1222504000
BPPSDMP;Sek BPPSDMP;Honor Operasional Satuan Kerja;Belanja Pegawai;308040000
BPPSDMP;Sek BPPSDMP;Honor Output Kegiatan;Belanja Pegawai;2184710000
Ditjen Hortikultura;Direktorat Buah dan Florikultura;Belanja Bahan;Belanja Bahan;94671000
Ditjen Hortikultura;Direktorat Buah dan Florikultura;Belanja Barang Persediaan Barang Konsumsi;Belanja Barang;72400000
Ditjen Hortikultura;Direktorat Buah dan Florikultura;Belanja Jasa Lainnya;Belanja Jasa;85000000
Ditjen Hortikultura;Direktorat Buah dan Florikultura;Belanja Jasa Profesi;Belanja Jasa;67200000
Ditjen Hortikultura;Direktorat Buah dan Florikultura;Belanja perjalanan biasa;Belanja Perjalanan;2527908000
Ditjen Hortikultura;Direktorat Buah dan Florikultura;Belanja Perjalanan Dinas Dalam Kota;Belanja Perjalanan;17080000
Ditjen Hortikultura;Direktorat Buah dan Florikultura;Belanja Perjalanan Dinas Paket Meeting Luar Kota;Belanja Perjalanan;221944000
Ditjen Hortikultura;Direktorat Buah dan Florikultura;Belanja Sewa;Belanja Barang;11178000
Ditjen Hortikultura;Direktorat Pengolahan dan Pemasaran Hasil Hortikultura;Belanja Bahan;Belanja Bahan;184906000
Ditjen Hortikultura;Direktorat Pengolahan dan Pemasaran Hasil Hortikultura;Belanja Barang Persediaan Barang Konsumsi;Belanja Barang;64270000
Ditjen Hortikultura;Direktorat Pengolahan dan Pemasaran Hasil Hortikultura;Belanja Jasa Lainnya;Belanja Jasa;17000000
Ditjen Hortikultura;Direktorat Pengolahan dan Pemasaran Hasil Hortikultura;Belanja Jasa Profesi;Belanja Jasa;165400000
Ditjen Hortikultura;Direktorat Pengolahan dan Pemasaran Hasil Hortikultura;Belanja perjalanan biasa;Belanja Perjalanan;1123017000
Ditjen Hortikultura;Direktorat Pengolahan dan Pemasaran Hasil Hortikultura;Belanja Perjalanan Dinas Dalam Kota;Belanja Perjalanan;101990000
Ditjen Hortikultura;Direktorat Pengolahan dan Pemasaran Hasil Hortikultura;Belanja Perjalanan Dinas Paket Meeting Luar Kota;Belanja Perjalanan;694242000
Ditjen Hortikultura;Direktorat Pengolahan dan Pemasaran Hasil Hortikultura;Belanja Sewa;Belanja Barang;13600000
Ditjen Hortikultura;Direktorat Pengolahan dan Pemasaran Hasil Hortikultura;Honor Output Kegiatan;Belanja Pegawai;30200000
Ditjen Hortikultura;Direktorat Perbenihan Hortikultura;Belanja Bahan;Belanja Bahan;113100000
Ditjen Hortikultura;Direktorat Perbenihan Hortikultura;Belanja Barang Fisik Lainnya untuk diserahkan kepada masyarakat/Pemda;Belanja Barang;29036000000
Ditjen Hortikultura;Direktorat Perbenihan Hortikultura;Belanja Barang Persediaan Barang Konsumsi;Belanja Barang;254731000
Ditjen Hortikultura;Direktorat Perbenihan Hortikultura;Belanja Jasa Profesi;Belanja Jasa;215200000
Ditjen Hortikultura;Direktorat Perbenihan Hortikultura;Belanja perjalanan biasa;Belanja Perjalanan;1832500000
Ditjen Hortikultura;Direktorat Perbenihan Hortikultura;Belanja Perjalanan Dinas Paket Meeting Luar Kota;Belanja Perjalanan;945750000
Ditjen Hortikultura;Direktorat Perbenihan Hortikultura;Belanja Sewa;Belanja Barang;66000000
Ditjen Hortikultura;Direktorat Perbenihan Hortikultura;Honor Output Kegiatan;Belanja Pegawai;120000000
Ditjen Hortikultura;Direktorat Perlindungan Hortikultura;Belanja Bahan;Belanja Bahan;1093543000
Ditjen Hortikultura;Direktorat Perlindungan Hortikultura;Belanja Barang Non Operasional Lainnya;Belanja Barang;392917000
Ditjen Hortikultura;Direktorat Perlindungan Hortikultura;Belanja Barang Persediaan Barang Konsumsi;Belanja Barang;332750000
Ditjen Hortikultura;Direktorat Perlindungan Hortikultura;Belanja Jasa Profesi;Belanja Jasa;251000000
Ditjen Hortikultura;Direktorat Perlindungan Hortikultura;Belanja Keperluan Perkantoran;Belanja Barang;112194000
Ditjen Hortikultura;Direktorat Perlindungan Hortikultura;Belanja perjalanan biasa;Belanja Perjalanan;4898519000
Ditjen Hortikultura;Direktorat Perlindungan Hortikultura;Belanja Perjalanan Dinas Dalam Kota;Belanja Perjalanan;12600000
Ditjen Hortikultura;Direktorat Perlindungan Hortikultura;Belanja Perjalanan Dinas Paket Meeting Dalam Kota;Belanja Perjalanan;82880000
Ditjen Hortikultura;Direktorat Perlindungan Hortikultura;Belanja Perjalanan Dinas Paket Meeting Luar Kota;Belanja Perjalanan;1450232000
Ditjen Hortikultura;Direktorat Perlindungan Hortikultura;Belanja Sewa;Belanja Barang;39015000
Ditjen Hortikultura;Direktorat Perlindungan Hortikultura;Honor Output Kegiatan;Belanja Pegawai;34350000
Ditjen Hortikultura;Direktorat Sayuran dan Tanaman Obat;Belanja Bahan;Belanja Bahan;337077000
Ditjen Hortikultura;Direktorat Sayuran dan Tanaman Obat;Belanja Barang Persediaan Barang Konsumsi;Belanja Barang;155750000
Ditjen Hortikultura;Direktorat Sayuran dan Tanaman Obat;Belanja Jasa Lainnya;Belanja Jasa;100000000
Ditjen Hortikultura;Direktorat Sayuran dan Tanaman Obat;Belanja Jasa Profesi;Belanja Jasa;179500000
Ditjen Hortikultura;Direktorat Sayuran dan Tanaman Obat;Belanja perjalanan biasa;Belanja Perjalanan;5444701000
Ditjen Hortikultura;Direktorat Sayuran dan Tanaman Obat;Belanja Perjalanan Dinas Dalam Kota;Belanja Perjalanan;24640000
Ditjen Hortikultura;Direktorat Sayuran dan Tanaman Obat;Belanja Perjalanan Dinas Paket Meeting Luar Kota;Belanja Perjalanan;1958239000
Ditjen Hortikultura;Direktorat Sayuran dan Tanaman Obat;Belanja Sewa;Belanja Barang;99295000
Ditjen Hortikultura;Sek. Ditjen Hortikultura;Belanja Bahan;Belanja Bahan;968824000
Ditjen Hortikultura;Sek. Ditjen Hortikultura;Belanja Bahan Bakar Minyak dan Pelumas (BMP) dan Pelumas Khusus Non Pertamina;Belanja Barang;1019500000
Ditjen Hortikultura;Sek. Ditjen Hortikultura;Belanja Barang Operasional Lainnya;Belanja Barang;234990000
Ditjen Hortikultura;Sek. Ditjen Hortikultura;Belanja Barang Persediaan Barang Konsumsi;Belanja Barang;1797180000
Ditjen Hortikultura;Sek. Ditjen Hortikultura;Belanja Biaya Pemeliharaan Gedung dan Bangunan;Belanja Modal;1654000000
Ditjen Hortikultura;Sek. Ditjen Hortikultura;Belanja Biaya Pemeliharaan Lainnya;Belanja Modal;80000000
Ditjen Hortikultura;Sek. Ditjen Hortikultura;Belanja Biaya Pemeliharaan Peralatan dan Mesin;Belanja Modal;1152000000
Ditjen Hortikultura;Sek. Ditjen Hortikultura;Belanja Gaji Pokok PNS;Belanja Pegawai;17601414000
Ditjen Hortikultura;Sek. Ditjen Hortikultura;Belanja Jasa Lainnya;Belanja Jasa;511589000
Ditjen Hortikultura;Sek. Ditjen Hortikultura;Belanja Jasa Profesi;Belanja Jasa;2024519000
Ditjen Hortikultura;Sek. Ditjen Hortikultura;Belanja Keperluan Perkantoran;Belanja Barang;6429566000
Ditjen Hortikultura;Sek. Ditjen Hortikultura;Belanja Langganan Listrik;Belanja Barang;1200000000
Ditjen Hortikultura;Sek. Ditjen Hortikultura;Belanja Langganan Telepon;Belanja Barang;340000000
Ditjen Hortikultura;Sek. Ditjen Hortikultura;Belanja Modal Gedung dan Bangunan;Belanja Modal;2500000000
Ditjen Hortikultura;Sek. Ditjen Hortikultura;Belanja Modal Peralatan dan Mesin;Belanja Modal;1100660000
Ditjen Hortikultura;Sek. Ditjen Hortikultura;Belanja Pegawai Transito;Belanja Pegawai;1451245000
Ditjen Hortikultura;Sek. Ditjen Hortikultura;Belanja Pembulatan Gaji PNS;Belanja Pegawai;401000
Ditjen Hortikultura;Sek. Ditjen Hortikultura;Belanja pengiriman surat dinas pos pusat;Belanja Jasa;159500000
Ditjen Hortikultura;Sek. Ditjen Hortikultura;Belanja perjalanan biasa;Belanja Perjalanan;15023392000
Ditjen Hortikultura;Sek. Ditjen Hortikultura;Belanja Perjalanan Dinas Dalam Kota;Belanja Perjalanan;182100000
Ditjen Hortikultura;Sek. Ditjen Hortikultura;Belanja Perjalanan Dinas Paket Meeting Dalam Kota;Belanja Perjalanan;474190000
Ditjen Hortikultura;Sek. Ditjen Hortikultura;Belanja Perjalanan Dinas Paket Meeting Luar Kota;Belanja Perjalanan;8075031000
Ditjen Hortikultura;Sek. Ditjen Hortikultura;Belanja perjalanan lainnya - luar negeri;Belanja Perjalanan;300000000
Ditjen Hortikultura;Sek. Ditjen Hortikultura;Belanja Sewa;Belanja Barang;346220000
Ditjen Hortikultura;Sek. Ditjen Hortikultura;Belanja Tunj. Anak PNS;Belanja Pegawai;385000000
Ditjen Hortikultura;Sek. Ditjen Hortikultura;Belanja Tunj. Beras PNS;Belanja Pegawai;1543730000
Ditjen Hortikultura;Sek. Ditjen Hortikultura;Belanja Tunj. Fungsional PNS;Belanja Pegawai;887812000
Ditjen Hortikultura;Sek. Ditjen Hortikultura;Belanja Tunj. Lain lain termasuk uang duka PNS Dalam dan Luar Negeri;Belanja Pegawai;100000000
Ditjen Hortikultura;Sek. Ditjen Hortikultura;Belanja Tunj. PPh PNS;Belanja Pegawai;303914000
Ditjen Hortikultura;Sek. Ditjen Hortikultura;Belanja Tunj. Struktural PNS;Belanja Pegawai;1170000000
Ditjen Hortikultura;Sek. Ditjen Hortikultura;Belanja Tunj. Suami/Istri PNS;Belanja Pegawai;1465556000
Ditjen Hortikultura;Sek. Ditjen Hortikultura;Belanja Tunjangan Umum PNS;Belanja Pegawai;961973000
Ditjen Hortikultura;Sek. Ditjen Hortikultura;Belanja Uang Makan PNS;Belanja Pegawai;3112560000
Ditjen Hortikultura;Sek. Ditjen Hortikultura;Honor Output Kegiatan;Belanja Pegawai;1711750000
Inspektorat Jenderal;Inspektorat I;Belanja Bahan;Belanja Bahan;159420000
Inspektorat Jenderal;Inspektorat I;Belanja Jasa Profesi;Belanja Jasa;149600000
Inspektorat Jenderal;Inspektorat I;Belanja perjalanan biasa;Belanja Perjalanan;9728560000
Inspektorat Jenderal;Inspektorat I;Belanja Perjalanan Dinas Dalam Kota;Belanja Perjalanan;195450000
Inspektorat Jenderal;Inspektorat I;Belanja Perjalanan Dinas Paket Meeting Dalam Kota;Belanja Perjalanan;674970000
Inspektorat Jenderal;Inspektorat I;Belanja Perjalanan Dinas Paket Meeting Luar Kota;Belanja Perjalanan;473100000
Inspektorat Jenderal;Inspektorat I;Belanja Sewa;Belanja Barang;54000000
Inspektorat Jenderal;Inspektorat II;Belanja Bahan;Belanja Bahan;126400000
Inspektorat Jenderal;Inspektorat II;Belanja Jasa Profesi;Belanja Jasa;93500000
Inspektorat Jenderal;Inspektorat II;Belanja perjalanan biasa;Belanja Perjalanan;9737385000
Inspektorat Jenderal;Inspektorat II;Belanja Perjalanan Dinas Dalam Kota;Belanja Perjalanan;170250000
Inspektorat Jenderal;Inspektorat II;Belanja Perjalanan Dinas Paket Meeting Dalam Kota;Belanja Perjalanan;716065000
Inspektorat Jenderal;Inspektorat II;Belanja Perjalanan Dinas Paket Meeting Luar Kota;Belanja Perjalanan;74700000
Inspektorat Jenderal;Inspektorat II;Belanja Sewa;Belanja Barang;54000000
Inspektorat Jenderal;Inspektorat III;Belanja Bahan;Belanja Bahan;158520000
Inspektorat Jenderal;Inspektorat III;Belanja Jasa Profesi;Belanja Jasa;77600000
Inspektorat Jenderal;Inspektorat III;Belanja perjalanan biasa;Belanja Perjalanan;8658600000
Inspektorat Jenderal;Inspektorat III;Belanja Perjalanan Dinas Dalam Kota;Belanja Perjalanan;159750000
Inspektorat Jenderal;Inspektorat III;Belanja Perjalanan Dinas Paket Meeting Dalam Kota;Belanja Perjalanan;688730000
Inspektorat Jenderal;Inspektorat III;Belanja Perjalanan Dinas Paket Meeting Luar Kota;Belanja Perjalanan;398400000
Inspektorat Jenderal;Inspektorat III;Belanja Sewa;Belanja Barang;54000000
Inspektorat Jenderal;Inspektorat Investigasi;Belanja Bahan;Belanja Bahan;120450000
Inspektorat Jenderal;Inspektorat Investigasi;Belanja Barang Non Operasional Lainnya;Belanja Barang;470629000
Inspektorat Jenderal;Inspektorat Investigasi;Belanja Jasa Profesi;Belanja Jasa;167000000
Inspektorat Jenderal;Inspektorat Investigasi;Belanja perjalanan biasa;Belanja Perjalanan;8106036000
Inspektorat Jenderal;Inspektorat Investigasi;Belanja Perjalanan Dinas Dalam Kota;Belanja Perjalanan;175200000
Inspektorat Jenderal;Inspektorat Investigasi;Belanja Perjalanan Dinas Paket Meeting Dalam Kota;Belanja Perjalanan;80885000
Inspektorat Jenderal;Inspektorat Investigasi;Belanja Perjalanan Dinas Paket Meeting Luar Kota;Belanja Perjalanan;1604700000
Inspektorat Jenderal;Inspektorat Investigasi;Belanja Sewa;Belanja Barang;282900000
Inspektorat Jenderal;Inspektorat Investigasi;Honor Output Kegiatan;Belanja Pegawai;37000000
Inspektorat Jenderal;Inspektorat IV;Belanja Bahan;Belanja Bahan;140520000
Inspektorat Jenderal;Inspektorat IV;Belanja Jasa Profesi;Belanja Jasa;77600000
Inspektorat Jenderal;Inspektorat IV;Belanja perjalanan biasa;Belanja Perjalanan;8802950000
Inspektorat Jenderal;Inspektorat IV;Belanja Perjalanan Dinas Dalam Kota;Belanja Perjalanan;73200000
Inspektorat Jenderal;Inspektorat IV;Belanja Perjalanan Dinas Paket Meeting Dalam Kota;Belanja Perjalanan;688730000
Inspektorat Jenderal;Inspektorat IV;Belanja Perjalanan Dinas Paket Meeting Luar Kota;Belanja Perjalanan;298800000
Inspektorat Jenderal;Inspektorat IV;Belanja Sewa;Belanja Barang;54000000
Inspektorat Jenderal;Sek Itjen;Belanja Bahan;Belanja Bahan;903056000
Inspektorat Jenderal;Sek Itjen;Belanja Barang Non Operasional Lainnya;Belanja Barang;723775000
Inspektorat Jenderal;Sek Itjen;Belanja Barang Operasional Lainnya;Belanja Barang;6250000
Inspektorat Jenderal;Sek Itjen;Belanja Barang Persediaan Barang Konsumsi;Belanja Barang;1123696000
Inspektorat Jenderal;Sek Itjen;Belanja Biaya Pemeliharaan Gedung dan Bangunan;Belanja Modal;250241000
Inspektorat Jenderal;Sek Itjen;Belanja Biaya Pemeliharaan Peralatan dan Mesin;Belanja Modal;1724350000
Inspektorat Jenderal;Sek Itjen;Belanja Biaya Pemeliharaan Peralatan dan Mesin Lainnya;Belanja Modal;48250000
Inspektorat Jenderal;Sek Itjen;Belanja Gaji Pokok Pegawai Non PNS;Belanja Pegawai;523562000
Inspektorat Jenderal;Sek Itjen;Belanja Gaji Pokok PNS;Belanja Pegawai;15595285000
Inspektorat Jenderal;Sek Itjen;Belanja Jasa Profesi;Belanja Jasa;284300000
Inspektorat Jenderal;Sek Itjen;Belanja Keperluan Perkantoran;Belanja Barang;513162000
Inspektorat Jenderal;Sek Itjen;Belanja Langganan Telepon;Belanja Barang;126000000
Inspektorat Jenderal;Sek Itjen;Belanja Modal Lainnya;Belanja Modal;1298000000
Inspektorat Jenderal;Sek Itjen;Belanja Modal Peralatan dan Mesin;Belanja Modal;1056576000
Inspektorat Jenderal;Sek Itjen;Belanja Modal Upah Tenaga Kerja dan Honor Pengelola Teknis  Peralatan dan Mesin;Belanja Modal;7810000
Inspektorat Jenderal;Sek Itjen;Belanja Modal Upah Tenaga Kerja dan Honor Pengelola Teknis Gedung dan Bangunan;Belanja Modal;2100000
Inspektorat Jenderal;Sek Itjen;Belanja Pembulatan Gaji PNS;Belanja Pegawai;210000
Inspektorat Jenderal;Sek Itjen;Belanja Penambahan Nilai Gedung dan Bangunan;Belanja Modal;486404000
Inspektorat Jenderal;Sek Itjen;Belanja pengiriman surat dinas pos pusat;Belanja Jasa;94080000
Inspektorat Jenderal;Sek Itjen;Belanja perjalanan biasa;Belanja Perjalanan;5403235000
Inspektorat Jenderal;Sek Itjen;Belanja perjalanan biasa - luar negeri;Belanja Perjalanan;375000000
Inspektorat Jenderal;Sek Itjen;Belanja Perjalanan Dinas Dalam Kota;Belanja Perjalanan;106800000
Inspektorat Jenderal;Sek Itjen;Belanja Perjalanan Dinas Paket Meeting Dalam Kota;Belanja Perjalanan;2659535000
Inspektorat Jenderal;Sek Itjen;Belanja Perjalanan Dinas Paket Meeting Luar Kota;Belanja Perjalanan;1722660000
Inspektorat Jenderal;Sek Itjen;Belanja Sewa;Belanja Barang;169250000
Inspektorat Jenderal;Sek Itjen;Belanja Tunj. Anak PNS;Belanja Pegawai;332982000
Inspektorat Jenderal;Sek Itjen;Belanja Tunj. Beras PNS;Belanja Pegawai;773960000
Inspektorat Jenderal;Sek Itjen;Belanja Tunj. Fungsional PNS;Belanja Pegawai;1695330000
Inspektorat Jenderal;Sek Itjen;Belanja Tunj. PPh PNS;Belanja Pegawai;234992000
Inspektorat Jenderal;Sek Itjen;Belanja Tunj. Struktural PNS;Belanja Pegawai;518840000
Inspektorat Jenderal;Sek Itjen;Belanja Tunj. Suami/Istri PNS;Belanja Pegawai;1093854000
Inspektorat Jenderal;Sek Itjen;Belanja Tunjangan Umum PNS;Belanja Pegawai;304570000
Inspektorat Jenderal;Sek Itjen;Belanja uang lembur;Belanja Pegawai;139392000
Inspektorat Jenderal;Sek Itjen;Belanja Uang Makan PNS;Belanja Pegawai;2514023000
Inspektorat Jenderal;Sek Itjen;Honor Operasional Satuan Kerja;Belanja Pegawai;476520000
Inspektorat Jenderal;Sek Itjen;Honor Output Kegiatan;Belanja Pegawai;62350000
Ditjen Perkebunan;Direktorat Pengolahan dan Pemasaran Hasil Perkebunan;Belanja Bahan;Belanja Bahan;511967000
Ditjen Perkebunan;Direktorat Pengolahan dan Pemasaran Hasil Perkebunan;Belanja Barang Non Operasional Lainnya;Belanja Barang;3187597000
Ditjen Perkebunan;Direktorat Pengolahan dan Pemasaran Hasil Perkebunan;Belanja Barang Persediaan Barang Konsumsi;Belanja Barang;100270000
Ditjen Perkebunan;Direktorat Pengolahan dan Pemasaran Hasil Perkebunan;Belanja Jasa Lainnya;Belanja Jasa;233000000
Ditjen Perkebunan;Direktorat Pengolahan dan Pemasaran Hasil Perkebunan;Belanja Jasa Profesi;Belanja Jasa;352700000
Ditjen Perkebunan;Direktorat Pengolahan dan Pemasaran Hasil Perkebunan;Belanja Keperluan Perkantoran;Belanja Barang;34000000
Ditjen Perkebunan;Direktorat Pengolahan dan Pemasaran Hasil Perkebunan;Belanja pengiriman surat dinas pos pusat;Belanja Jasa;13421000
Ditjen Perkebunan;Direktorat Pengolahan dan Pemasaran Hasil Perkebunan;Belanja perjalanan biasa;Belanja Perjalanan;3872700000
Ditjen Perkebunan;Direktorat Pengolahan dan Pemasaran Hasil Perkebunan;Belanja Perjalanan Dinas Dalam Kota;Belanja Perjalanan;88500000
Ditjen Perkebunan;Direktorat Pengolahan dan Pemasaran Hasil Perkebunan;Belanja Perjalanan Dinas Paket Meeting Luar Kota;Belanja Perjalanan;1887550000
Ditjen Perkebunan;Direktorat Pengolahan dan Pemasaran Hasil Perkebunan;Belanja Sewa;Belanja Barang;9200000
Ditjen Perkebunan;Direktorat Pengolahan dan Pemasaran Hasil Perkebunan;Honor Output Kegiatan;Belanja Pegawai;83650000
Ditjen Perkebunan;Direktorat Perbenihan Tanaman Perkebunan;Belanja Bahan;Belanja Bahan;868335000
Ditjen Perkebunan;Direktorat Perbenihan Tanaman Perkebunan;Belanja Barang Persediaan Barang Konsumsi;Belanja Barang;211000000
Ditjen Perkebunan;Direktorat Perbenihan Tanaman Perkebunan;Belanja Jasa Lainnya;Belanja Jasa;475500000
Ditjen Perkebunan;Direktorat Perbenihan Tanaman Perkebunan;Belanja Jasa Profesi;Belanja Jasa;120400000
Ditjen Perkebunan;Direktorat Perbenihan Tanaman Perkebunan;Belanja Keperluan Perkantoran;Belanja Barang;72000000
Ditjen Perkebunan;Direktorat Perbenihan Tanaman Perkebunan;Belanja pengiriman surat dinas pos pusat;Belanja Jasa;41500000
Ditjen Perkebunan;Direktorat Perbenihan Tanaman Perkebunan;Belanja perjalanan biasa;Belanja Perjalanan;4961720000
Ditjen Perkebunan;Direktorat Perbenihan Tanaman Perkebunan;Belanja Perjalanan Dinas Dalam Kota;Belanja Perjalanan;59010000
Ditjen Perkebunan;Direktorat Perbenihan Tanaman Perkebunan;Belanja Perjalanan Dinas Paket Meeting Luar Kota;Belanja Perjalanan;1549750000
Ditjen Perkebunan;Direktorat Perbenihan Tanaman Perkebunan;Belanja Sewa;Belanja Barang;45000000
Ditjen Perkebunan;Direktorat Perbenihan Tanaman Perkebunan;Honor Output Kegiatan;Belanja Pegawai;99300000
Ditjen Perkebunan;Direktorat Perlindungan Perkebunan;Belanja Bahan;Belanja Bahan;966620000
Ditjen Perkebunan;Direktorat Perlindungan Perkebunan;Belanja Barang Fisik Lainnya untuk diserahkan kepada masyarakat/Pemda;Belanja Barang;1000000000
Ditjen Perkebunan;Direktorat Perlindungan Perkebunan;Belanja Barang Persediaan Barang Konsumsi;Belanja Barang;240000000
Ditjen Perkebunan;Direktorat Perlindungan Perkebunan;Belanja Jasa Lainnya;Belanja Jasa;1604000000
Ditjen Perkebunan;Direktorat Perlindungan Perkebunan;Belanja Jasa Profesi;Belanja Jasa;367900000
Ditjen Perkebunan;Direktorat Perlindungan Perkebunan;Belanja Keperluan Perkantoran;Belanja Barang;59000000
Ditjen Perkebunan;Direktorat Perlindungan Perkebunan;Belanja pengiriman surat dinas pos pusat;Belanja Jasa;70000000
Ditjen Perkebunan;Direktorat Perlindungan Perkebunan;Belanja perjalanan biasa;Belanja Perjalanan;6194020000
Ditjen Perkebunan;Direktorat Perlindungan Perkebunan;Belanja Perjalanan Dinas Dalam Kota;Belanja Perjalanan;99000000
Ditjen Perkebunan;Direktorat Perlindungan Perkebunan;Belanja Perjalanan Dinas Paket Meeting Luar Kota;Belanja Perjalanan;1949900000
Ditjen Perkebunan;Direktorat Perlindungan Perkebunan;Belanja Sewa;Belanja Barang;38000000
Ditjen Perkebunan;Direktorat Perlindungan Perkebunan;Honor Output Kegiatan;Belanja Pegawai;122100000
Ditjen Perkebunan;Direktorat Tanaman Semusim dan Rempah;Belanja Bahan;Belanja Bahan;694020000
Ditjen Perkebunan;Direktorat Tanaman Semusim dan Rempah;Belanja Barang Persediaan Barang Konsumsi;Belanja Barang;186050000
Ditjen Perkebunan;Direktorat Tanaman Semusim dan Rempah;Belanja Jasa Lainnya;Belanja Jasa;40000000
Ditjen Perkebunan;Direktorat Tanaman Semusim dan Rempah;Belanja Jasa Profesi;Belanja Jasa;327900000
Ditjen Perkebunan;Direktorat Tanaman Semusim dan Rempah;Belanja Keperluan Perkantoran;Belanja Barang;46000000
Ditjen Perkebunan;Direktorat Tanaman Semusim dan Rempah;Belanja pengiriman surat dinas pos pusat;Belanja Jasa;9000000
Ditjen Perkebunan;Direktorat Tanaman Semusim dan Rempah;Belanja perjalanan biasa;Belanja Perjalanan;4370000000
Ditjen Perkebunan;Direktorat Tanaman Semusim dan Rempah;Belanja Perjalanan Dinas Dalam Kota;Belanja Perjalanan;79800000
Ditjen Perkebunan;Direktorat Tanaman Semusim dan Rempah;Belanja Perjalanan Dinas Paket Meeting Luar Kota;Belanja Perjalanan;1267000000
Ditjen Perkebunan;Direktorat Tanaman Semusim dan Rempah;Honor Output Kegiatan;Belanja Pegawai;80200000
Ditjen Perkebunan;Direktorat Tanaman Tahunan dan Penyegar;Belanja Bahan;Belanja Bahan;458120000
Ditjen Perkebunan;Direktorat Tanaman Tahunan dan Penyegar;Belanja Barang Non Operasional Lainnya;Belanja Barang;550000000
Ditjen Perkebunan;Direktorat Tanaman Tahunan dan Penyegar;Belanja Barang Persediaan Barang Konsumsi;Belanja Barang;168000000
Ditjen Perkebunan;Direktorat Tanaman Tahunan dan Penyegar;Belanja Jasa Lainnya;Belanja Jasa;315000000
Ditjen Perkebunan;Direktorat Tanaman Tahunan dan Penyegar;Belanja Jasa Profesi;Belanja Jasa;628200000
Ditjen Perkebunan;Direktorat Tanaman Tahunan dan Penyegar;Belanja Keperluan Perkantoran;Belanja Barang;57600000
Ditjen Perkebunan;Direktorat Tanaman Tahunan dan Penyegar;Belanja pengiriman surat dinas pos pusat;Belanja Jasa;15548000
Ditjen Perkebunan;Direktorat Tanaman Tahunan dan Penyegar;Belanja perjalanan biasa;Belanja Perjalanan;2974000000
Ditjen Perkebunan;Direktorat Tanaman Tahunan dan Penyegar;Belanja Perjalanan Dinas Dalam Kota;Belanja Perjalanan;105000000
Ditjen Perkebunan;Direktorat Tanaman Tahunan dan Penyegar;Belanja Perjalanan Dinas Paket Meeting Dalam Kota;Belanja Perjalanan;13500000
Ditjen Perkebunan;Direktorat Tanaman Tahunan dan Penyegar;Belanja Perjalanan Dinas Paket Meeting Luar Kota;Belanja Perjalanan;2195500000
Ditjen Perkebunan;Direktorat Tanaman Tahunan dan Penyegar;Belanja Sewa;Belanja Barang;4000000
Ditjen Perkebunan;Direktorat Tanaman Tahunan dan Penyegar;Honor Output Kegiatan;Belanja Pegawai;78000000
Ditjen Perkebunan;Sek. Ditjen Perkebunan;Belanja Bahan;Belanja Bahan;3441132000
Ditjen Perkebunan;Sek. Ditjen Perkebunan;Belanja Barang Non Operasional Lainnya;Belanja Barang;25037639000
Ditjen Perkebunan;Sek. Ditjen Perkebunan;Belanja Barang Operasional Lainnya;Belanja Barang;574380000
Ditjen Perkebunan;Sek. Ditjen Perkebunan;Belanja Barang Persediaan Barang Konsumsi;Belanja Barang;881086000
Ditjen Perkebunan;Sek. Ditjen Perkebunan;Belanja Biaya Pemeliharaan Gedung dan Bangunan;Belanja Modal;456450000
Ditjen Perkebunan;Sek. Ditjen Perkebunan;Belanja Biaya Pemeliharaan Gedung dan Bangunan Lainnya;Belanja Modal;172880000
Ditjen Perkebunan;Sek. Ditjen Perkebunan;Belanja Biaya Pemeliharaan Peralatan dan Mesin;Belanja Modal;4267106000
Ditjen Perkebunan;Sek. Ditjen Perkebunan;Belanja Gaji Pokok PNS;Belanja Pegawai;20810684000
Ditjen Perkebunan;Sek. Ditjen Perkebunan;Belanja Jasa Lainnya;Belanja Jasa;406625000
Ditjen Perkebunan;Sek. Ditjen Perkebunan;Belanja Jasa Profesi;Belanja Jasa;1177400000
Ditjen Perkebunan;Sek. Ditjen Perkebunan;Belanja Keperluan Perkantoran;Belanja Barang;1059100000
Ditjen Perkebunan;Sek. Ditjen Perkebunan;Belanja Langganan Listrik;Belanja Barang;60000000
Ditjen Perkebunan;Sek. Ditjen Perkebunan;Belanja Langganan Telepon;Belanja Barang;372000000
Ditjen Perkebunan;Sek. Ditjen Perkebunan;Belanja Modal Lainnya;Belanja Modal;210000000
Ditjen Perkebunan;Sek. Ditjen Perkebunan;Belanja Modal Peralatan dan Mesin;Belanja Modal;12663550000
Ditjen Perkebunan;Sek. Ditjen Perkebunan;Belanja Pegawai Transito;Belanja Pegawai;466025000
Ditjen Perkebunan;Sek. Ditjen Perkebunan;Belanja Pembulatan Gaji PNS;Belanja Pegawai;299000
Ditjen Perkebunan;Sek. Ditjen Perkebunan;Belanja Penambah Daya Tahan Tubuh;Belanja Barang;104400000
Ditjen Perkebunan;Sek. Ditjen Perkebunan;Belanja pengiriman surat dinas pos pusat;Belanja Jasa;218205000
Ditjen Perkebunan;Sek. Ditjen Perkebunan;Belanja Peralatan dan Mesin untuk diserahkan kepada masyarakat/Pemda;Belanja Barang;91335000000
Ditjen Perkebunan;Sek. Ditjen Perkebunan;Belanja perjalanan biasa;Belanja Perjalanan;21280500000
Ditjen Perkebunan;Sek. Ditjen Perkebunan;Belanja Perjalanan Dinas Dalam Kota;Belanja Perjalanan;204250000
Ditjen Perkebunan;Sek. Ditjen Perkebunan;Belanja Perjalanan Dinas Paket Meeting Dalam Kota;Belanja Perjalanan;47000000
Ditjen Perkebunan;Sek. Ditjen Perkebunan;Belanja Perjalanan Dinas Paket Meeting Luar Kota;Belanja Perjalanan;7448750000
Ditjen Perkebunan;Sek. Ditjen Perkebunan;Belanja perjalanan lainnya - luar negeri;Belanja Perjalanan;1000000000
Ditjen Perkebunan;Sek. Ditjen Perkebunan;Belanja Sewa;Belanja Barang;776400000
Ditjen Perkebunan;Sek. Ditjen Perkebunan;Belanja Tunj. Anak PNS;Belanja Pegawai;393420000
Ditjen Perkebunan;Sek. Ditjen Perkebunan;Belanja Tunj. Beras PNS;Belanja Pegawai;1053962000
Ditjen Perkebunan;Sek. Ditjen Perkebunan;Belanja Tunj. Fungsional PNS;Belanja Pegawai;409080000
Ditjen Perkebunan;Sek. Ditjen Perkebunan;Belanja Tunj. PPh PNS;Belanja Pegawai;247083000
Ditjen Perkebunan;Sek. Ditjen Perkebunan;Belanja Tunj. Struktural PNS;Belanja Pegawai;1174670000
Ditjen Perkebunan;Sek. Ditjen Perkebunan;Belanja Tunj. Suami/Istri PNS;Belanja Pegawai;1581679000
Ditjen Perkebunan;Sek. Ditjen Perkebunan;Belanja Tunjangan Umum PNS;Belanja Pegawai;748650000
Ditjen Perkebunan;Sek. Ditjen Perkebunan;Belanja Uang Honor Tetap;Belanja Pegawai;2356380000
Ditjen Perkebunan;Sek. Ditjen Perkebunan;Belanja uang lembur;Belanja Pegawai;95000000
Ditjen Perkebunan;Sek. Ditjen Perkebunan;Belanja Uang Makan PNS;Belanja Pegawai;3318480000
Ditjen Perkebunan;Sek. Ditjen Perkebunan;Honor Operasional Satuan Kerja;Belanja Pegawai;814840000
Ditjen Perkebunan;Sek. Ditjen Perkebunan;Honor Output Kegiatan;Belanja Pegawai;1441445000
Ditjen Peternakan dan Kesehatan Hewan;Direktorat Kesehatan Hewan;Belanja Bahan;Belanja Bahan;269469000
Ditjen Peternakan dan Kesehatan Hewan;Direktorat Kesehatan Hewan;Belanja Barang Non Operasional Lainnya;Belanja Barang;11724020000
Ditjen Peternakan dan Kesehatan Hewan;Direktorat Kesehatan Hewan;Belanja Barang Persediaan Barang Konsumsi;Belanja Barang;566071000
Ditjen Peternakan dan Kesehatan Hewan;Direktorat Kesehatan Hewan;Belanja Barang Persediaan Lainnya;Belanja Barang;3340000000
Ditjen Peternakan dan Kesehatan Hewan;Direktorat Kesehatan Hewan;Belanja Jasa Lainnya;Belanja Jasa;2544500000
Ditjen Peternakan dan Kesehatan Hewan;Direktorat Kesehatan Hewan;Belanja Jasa Profesi;Belanja Jasa;479500000
Ditjen Peternakan dan Kesehatan Hewan;Direktorat Kesehatan Hewan;Belanja Modal Lainnya;Belanja Modal;90000000
Ditjen Peternakan dan Kesehatan Hewan;Direktorat Kesehatan Hewan;Belanja perjalanan biasa;Belanja Perjalanan;3924194000
Ditjen Peternakan dan Kesehatan Hewan;Direktorat Kesehatan Hewan;Belanja perjalanan biasa - luar negeri;Belanja Perjalanan;1298369000
Ditjen Peternakan dan Kesehatan Hewan;Direktorat Kesehatan Hewan;Belanja Perjalanan Dinas Dalam Kota;Belanja Perjalanan;185410000
Ditjen Peternakan dan Kesehatan Hewan;Direktorat Kesehatan Hewan;Belanja Perjalanan Dinas Paket Meeting Dalam Kota;Belanja Perjalanan;756390000
Ditjen Peternakan dan Kesehatan Hewan;Direktorat Kesehatan Hewan;Belanja Perjalanan Dinas Paket Meeting Luar Kota;Belanja Perjalanan;1001500000
Ditjen Peternakan dan Kesehatan Hewan;Direktorat Kesehatan Hewan;Honor Output Kegiatan;Belanja Pegawai;27633950000
Ditjen Peternakan dan Kesehatan Hewan;Direktorat Kesehatan Masyarakat Veteriner;Belanja Bahan;Belanja Bahan;957190000
Ditjen Peternakan dan Kesehatan Hewan;Direktorat Kesehatan Masyarakat Veteriner;Belanja Barang Non Operasional Lainnya;Belanja Barang;1248530000
Ditjen Peternakan dan Kesehatan Hewan;Direktorat Kesehatan Masyarakat Veteriner;Belanja Barang Operasional Lainnya;Belanja Barang;105000000
Ditjen Peternakan dan Kesehatan Hewan;Direktorat Kesehatan Masyarakat Veteriner;Belanja Barang Persediaan Barang Konsumsi;Belanja Barang;391200000
Ditjen Peternakan dan Kesehatan Hewan;Direktorat Kesehatan Masyarakat Veteriner;Belanja Jasa Profesi;Belanja Jasa;753100000
Ditjen Peternakan dan Kesehatan Hewan;Direktorat Kesehatan Masyarakat Veteriner;Belanja perjalanan biasa;Belanja Perjalanan;5086600000
Ditjen Peternakan dan Kesehatan Hewan;Direktorat Kesehatan Masyarakat Veteriner;Belanja Perjalanan Dinas Dalam Kota;Belanja Perjalanan;110600000
Ditjen Peternakan dan Kesehatan Hewan;Direktorat Kesehatan Masyarakat Veteriner;Belanja Perjalanan Dinas Paket Meeting Dalam Kota;Belanja Perjalanan;157500000
Ditjen Peternakan dan Kesehatan Hewan;Direktorat Kesehatan Masyarakat Veteriner;Belanja Perjalanan Dinas Paket Meeting Luar Kota;Belanja Perjalanan;3586050000
Ditjen Peternakan dan Kesehatan Hewan;Direktorat Kesehatan Masyarakat Veteriner;Belanja Sewa;Belanja Barang;16000000
Ditjen Peternakan dan Kesehatan Hewan;Direktorat Kesehatan Masyarakat Veteriner;Honor Output Kegiatan;Belanja Pegawai;16120000
Ditjen Peternakan dan Kesehatan Hewan;Direktorat Pakan;Belanja Bahan;Belanja Bahan;641660000
Ditjen Peternakan dan Kesehatan Hewan;Direktorat Pakan;Belanja Barang Non Operasional Lainnya;Belanja Barang;713600000
Ditjen Peternakan dan Kesehatan Hewan;Direktorat Pakan;Belanja Barang Persediaan Barang Konsumsi;Belanja Barang;469939000
Ditjen Peternakan dan Kesehatan Hewan;Direktorat Pakan;Belanja Jasa Profesi;Belanja Jasa;248100000
Ditjen Peternakan dan Kesehatan Hewan;Direktorat Pakan;Belanja perjalanan biasa;Belanja Perjalanan;5356000000
Ditjen Peternakan dan Kesehatan Hewan;Direktorat Pakan;Belanja perjalanan biasa - luar negeri;Belanja Perjalanan;100000000
Ditjen Peternakan dan Kesehatan Hewan;Direktorat Pakan;Belanja Perjalanan Dinas Paket Meeting Dalam Kota;Belanja Perjalanan;432920000
Ditjen Peternakan dan Kesehatan Hewan;Direktorat Pakan;Belanja Perjalanan Dinas Paket Meeting Luar Kota;Belanja Perjalanan;3202855000
Ditjen Peternakan dan Kesehatan Hewan;Direktorat Pakan;Belanja Sewa;Belanja Barang;5000000
Ditjen Peternakan dan Kesehatan Hewan;Direktorat Pakan;Honor Output Kegiatan;Belanja Pegawai;99700000
Ditjen Peternakan dan Kesehatan Hewan;Direktorat Pengolahan dan Pemasaran Hasil Ternak;Belanja Bahan;Belanja Bahan;619680000
Ditjen Peternakan dan Kesehatan Hewan;Direktorat Pengolahan dan Pemasaran Hasil Ternak;Belanja Barang Non Operasional Lainnya;Belanja Barang;671000000
Ditjen Peternakan dan Kesehatan Hewan;Direktorat Pengolahan dan Pemasaran Hasil Ternak;Belanja Jasa Profesi;Belanja Jasa;154800000
Ditjen Peternakan dan Kesehatan Hewan;Direktorat Pengolahan dan Pemasaran Hasil Ternak;Belanja Modal Lainnya;Belanja Modal;45000000
Ditjen Peternakan dan Kesehatan Hewan;Direktorat Pengolahan dan Pemasaran Hasil Ternak;Belanja pengiriman surat dinas pos pusat;Belanja Jasa;25000000
Ditjen Peternakan dan Kesehatan Hewan;Direktorat Pengolahan dan Pemasaran Hasil Ternak;Belanja perjalanan biasa;Belanja Perjalanan;3557900000
Ditjen Peternakan dan Kesehatan Hewan;Direktorat Pengolahan dan Pemasaran Hasil Ternak;Belanja perjalanan biasa - luar negeri;Belanja Perjalanan;90000000
Ditjen Peternakan dan Kesehatan Hewan;Direktorat Pengolahan dan Pemasaran Hasil Ternak;Belanja Perjalanan Dinas Dalam Kota;Belanja Perjalanan;10500000
Ditjen Peternakan dan Kesehatan Hewan;Direktorat Pengolahan dan Pemasaran Hasil Ternak;Belanja Perjalanan Dinas Paket Meeting Dalam Kota;Belanja Perjalanan;410750000
Ditjen Peternakan dan Kesehatan Hewan;Direktorat Pengolahan dan Pemasaran Hasil Ternak;Belanja Perjalanan Dinas Paket Meeting Luar Kota;Belanja Perjalanan;1198640000
Ditjen Peternakan dan Kesehatan Hewan;Direktorat Pengolahan dan Pemasaran Hasil Ternak;Honor Output Kegiatan;Belanja Pegawai;2907400000
Ditjen Peternakan dan Kesehatan Hewan;Direktorat Perbibitan dan Produksi Ternak;Belanja Bahan;Belanja Bahan;60265803000
Ditjen Peternakan dan Kesehatan Hewan;Direktorat Perbibitan dan Produksi Ternak;Belanja Barang Non Operasional Lainnya;Belanja Barang;1950312000
Ditjen Peternakan dan Kesehatan Hewan;Direktorat Perbibitan dan Produksi Ternak;Belanja Barang Persediaan Barang Konsumsi;Belanja Barang;412930000
Ditjen Peternakan dan Kesehatan Hewan;Direktorat Perbibitan dan Produksi Ternak;Belanja Jasa Profesi;Belanja Jasa;748500000
Ditjen Peternakan dan Kesehatan Hewan;Direktorat Perbibitan dan Produksi Ternak;Belanja pengiriman surat dinas pos pusat;Belanja Jasa;50000000
Ditjen Peternakan dan Kesehatan Hewan;Direktorat Perbibitan dan Produksi Ternak;Belanja perjalanan biasa;Belanja Perjalanan;19040080000
Ditjen Peternakan dan Kesehatan Hewan;Direktorat Perbibitan dan Produksi Ternak;Belanja perjalanan biasa - luar negeri;Belanja Perjalanan;400000000
Ditjen Peternakan dan Kesehatan Hewan;Direktorat Perbibitan dan Produksi Ternak;Belanja Perjalanan Dinas Paket Meeting Dalam Kota;Belanja Perjalanan;960150000
Ditjen Peternakan dan Kesehatan Hewan;Direktorat Perbibitan dan Produksi Ternak;Belanja Perjalanan Dinas Paket Meeting Luar Kota;Belanja Perjalanan;7640200000
Ditjen Peternakan dan Kesehatan Hewan;Direktorat Perbibitan dan Produksi Ternak;Belanja Sewa;Belanja Barang;505400000
Ditjen Peternakan dan Kesehatan Hewan;Direktorat Perbibitan dan Produksi Ternak;Honor Output Kegiatan;Belanja Pegawai;551180000
Ditjen Peternakan dan Kesehatan Hewan;Sek Ditjen PKH;Belanja Bahan;Belanja Bahan;1805251000
Ditjen Peternakan dan Kesehatan Hewan;Sek Ditjen PKH;Belanja Barang Non Operasional Lainnya;Belanja Barang;6899790000
Ditjen Peternakan dan Kesehatan Hewan;Sek Ditjen PKH;Belanja Barang Persediaan Barang Konsumsi;Belanja Barang;891199000
Ditjen Peternakan dan Kesehatan Hewan;Sek Ditjen PKH;Belanja Biaya Pemeliharaan Gedung dan Bangunan;Belanja Modal;956144000
Ditjen Peternakan dan Kesehatan Hewan;Sek Ditjen PKH;Belanja Biaya Pemeliharaan Jaringan;Belanja Modal;48000000
Ditjen Peternakan dan Kesehatan Hewan;Sek Ditjen PKH;Belanja Biaya Pemeliharaan Peralatan dan Mesin;Belanja Modal;3873380000
Ditjen Peternakan dan Kesehatan Hewan;Sek Ditjen PKH;Belanja Gaji Pokok PNS;Belanja Pegawai;22389299000
Ditjen Peternakan dan Kesehatan Hewan;Sek Ditjen PKH;Belanja Jasa Pos dan Giro;Belanja Jasa;25200000
Ditjen Peternakan dan Kesehatan Hewan;Sek Ditjen PKH;Belanja Jasa Profesi;Belanja Jasa;760550000
Ditjen Peternakan dan Kesehatan Hewan;Sek Ditjen PKH;Belanja Keperluan Perkantoran;Belanja Barang;5890728000
Ditjen Peternakan dan Kesehatan Hewan;Sek Ditjen PKH;Belanja Langganan Listrik;Belanja Barang;25173000
Ditjen Peternakan dan Kesehatan Hewan;Sek Ditjen PKH;Belanja Langganan Telepon;Belanja Barang;380580000
Ditjen Peternakan dan Kesehatan Hewan;Sek Ditjen PKH;Belanja Modal Lainnya;Belanja Modal;74000000
Ditjen Peternakan dan Kesehatan Hewan;Sek Ditjen PKH;Belanja Modal Peralatan dan Mesin;Belanja Modal;2688400000
Ditjen Peternakan dan Kesehatan Hewan;Sek Ditjen PKH;Belanja Pegawai Transito;Belanja Pegawai;604025000
Ditjen Peternakan dan Kesehatan Hewan;Sek Ditjen PKH;Belanja Pembulatan Gaji PNS;Belanja Pegawai;346000
Ditjen Peternakan dan Kesehatan Hewan;Sek Ditjen PKH;Belanja Penambah Daya Tahan Tubuh;Belanja Barang;85025000
Ditjen Peternakan dan Kesehatan Hewan;Sek Ditjen PKH;Belanja Penambahan Nilai Jaringan;Belanja Modal;30000000
Ditjen Peternakan dan Kesehatan Hewan;Sek Ditjen PKH;Belanja pengiriman surat dinas pos pusat;Belanja Jasa;192610000
Ditjen Peternakan dan Kesehatan Hewan;Sek Ditjen PKH;Belanja perjalanan biasa;Belanja Perjalanan;6280900000
Ditjen Peternakan dan Kesehatan Hewan;Sek Ditjen PKH;Belanja perjalanan biasa - luar negeri;Belanja Perjalanan;1497960000
Ditjen Peternakan dan Kesehatan Hewan;Sek Ditjen PKH;Belanja Perjalanan Dinas Dalam Kota;Belanja Perjalanan;236750000
Ditjen Peternakan dan Kesehatan Hewan;Sek Ditjen PKH;Belanja Perjalanan Dinas Paket Meeting Dalam Kota;Belanja Perjalanan;2233519000
Ditjen Peternakan dan Kesehatan Hewan;Sek Ditjen PKH;Belanja Perjalanan Dinas Paket Meeting Luar Kota;Belanja Perjalanan;8234900000
Ditjen Peternakan dan Kesehatan Hewan;Sek Ditjen PKH;Belanja Sewa;Belanja Barang;143300000
Ditjen Peternakan dan Kesehatan Hewan;Sek Ditjen PKH;Belanja Tunj. Anak PNS;Belanja Pegawai;390367000
Ditjen Peternakan dan Kesehatan Hewan;Sek Ditjen PKH;Belanja Tunj. Beras PNS;Belanja Pegawai;1156289000
Ditjen Peternakan dan Kesehatan Hewan;Sek Ditjen PKH;Belanja Tunj. Fungsional PNS;Belanja Pegawai;1408030000
Ditjen Peternakan dan Kesehatan Hewan;Sek Ditjen PKH;Belanja Tunj. PPh PNS;Belanja Pegawai;267440000
Ditjen Peternakan dan Kesehatan Hewan;Sek Ditjen PKH;Belanja Tunj. Struktural PNS;Belanja Pegawai;1150890000
Ditjen Peternakan dan Kesehatan Hewan;Sek Ditjen PKH;Belanja Tunj. Suami/Istri PNS;Belanja Pegawai;1479894000
Ditjen Peternakan dan Kesehatan Hewan;Sek Ditjen PKH;Belanja Tunjangan Umum PNS;Belanja Pegawai;564103000
Ditjen Peternakan dan Kesehatan Hewan;Sek Ditjen PKH;Belanja Uang Makan PNS;Belanja Pegawai;1881711000
Ditjen Peternakan dan Kesehatan Hewan;Sek Ditjen PKH;Honor Operasional Satuan Kerja;Belanja Pegawai;695880000
Ditjen Peternakan dan Kesehatan Hewan;Sek Ditjen PKH;Honor Output Kegiatan;Belanja Pegawai;294000000
Ditjen Prasarana dan Sarana Pertanian;Direktorat Alat dan Mesin Pertanian;Belanja Peralatan dan Mesin untuk diserahkan kepada masyarakat/Pemda;Belanja Barang;2854022500000
Ditjen Prasarana dan Sarana Pertanian;Direktorat Irigasi Pertanian;Belanja Bahan;Belanja Bahan;384094000
Ditjen Prasarana dan Sarana Pertanian;Direktorat Irigasi Pertanian;Belanja Barang Fisik Lainnya untuk diserahkan kepada masyarakat/Pemda;Belanja Barang;60000000000
Ditjen Prasarana dan Sarana Pertanian;Direktorat Irigasi Pertanian;Belanja Jasa Profesi;Belanja Jasa;49500000
Ditjen Prasarana dan Sarana Pertanian;Direktorat Irigasi Pertanian;Belanja perjalanan biasa;Belanja Perjalanan;1510000000
Ditjen Prasarana dan Sarana Pertanian;Direktorat Irigasi Pertanian;Belanja Perjalanan Dinas Paket Meeting Luar Kota;Belanja Perjalanan;520000000
Ditjen Prasarana dan Sarana Pertanian;Direktorat Irigasi Pertanian;Belanja Sewa;Belanja Barang;72000000
Ditjen Prasarana dan Sarana Pertanian;Direktorat Irigasi Pertanian;Honor Output Kegiatan;Belanja Pegawai;94000000
Ditjen Prasarana dan Sarana Pertanian;Direktorat Pembiayaan Pertanian;Belanja Bahan;Belanja Bahan;790800000
Ditjen Prasarana dan Sarana Pertanian;Direktorat Pembiayaan Pertanian;Belanja Barang Non Operasional Lainnya;Belanja Barang;413260000000
Ditjen Prasarana dan Sarana Pertanian;Direktorat Pembiayaan Pertanian;Belanja Jasa Profesi;Belanja Jasa;180000000
Ditjen Prasarana dan Sarana Pertanian;Direktorat Pembiayaan Pertanian;Belanja perjalanan biasa;Belanja Perjalanan;1302000000
Ditjen Prasarana dan Sarana Pertanian;Direktorat Pembiayaan Pertanian;Belanja Perjalanan Dinas Dalam Kota;Belanja Perjalanan;522500000
Ditjen Prasarana dan Sarana Pertanian;Direktorat Pembiayaan Pertanian;Belanja Perjalanan Dinas Paket Meeting Luar Kota;Belanja Perjalanan;654000000
Ditjen Prasarana dan Sarana Pertanian;Direktorat Pembiayaan Pertanian;Belanja Sewa;Belanja Barang;100000000
Ditjen Prasarana dan Sarana Pertanian;Direktorat Pembiayaan Pertanian;Honor Output Kegiatan;Belanja Pegawai;199200000
Ditjen Prasarana dan Sarana Pertanian;Direktorat Perluasan dan Perlindungan Lahan;Belanja Bahan;Belanja Bahan;310200000
Ditjen Prasarana dan Sarana Pertanian;Direktorat Perluasan dan Perlindungan Lahan;Belanja Barang Lainnya untuk diserahkan kepada masyarakat/Pemda;Belanja Barang;100000000000
Ditjen Prasarana dan Sarana Pertanian;Direktorat Perluasan dan Perlindungan Lahan;Belanja Biaya Pemeliharaan Peralatan dan Mesin;Belanja Modal;38400000
Ditjen Prasarana dan Sarana Pertanian;Direktorat Perluasan dan Perlindungan Lahan;Belanja Jasa Lainnya;Belanja Jasa;1789042000
Ditjen Prasarana dan Sarana Pertanian;Direktorat Perluasan dan Perlindungan Lahan;Belanja Jasa Profesi;Belanja Jasa;132500000
Ditjen Prasarana dan Sarana Pertanian;Direktorat Perluasan dan Perlindungan Lahan;Belanja Modal Peralatan dan Mesin;Belanja Modal;1001958000
Ditjen Prasarana dan Sarana Pertanian;Direktorat Perluasan dan Perlindungan Lahan;Belanja perjalanan biasa;Belanja Perjalanan;1146000000
Ditjen Prasarana dan Sarana Pertanian;Direktorat Perluasan dan Perlindungan Lahan;Belanja Perjalanan Dinas Dalam Kota;Belanja Perjalanan;113000000
Ditjen Prasarana dan Sarana Pertanian;Direktorat Perluasan dan Perlindungan Lahan;Belanja Perjalanan Dinas Paket Meeting Luar Kota;Belanja Perjalanan;1180100000
Ditjen Prasarana dan Sarana Pertanian;Direktorat Pupuk dan Pestisida;Belanja Bahan;Belanja Bahan;17123485000
Ditjen Prasarana dan Sarana Pertanian;Direktorat Pupuk dan Pestisida;Belanja Barang Fisik Lainnya untuk diserahkan kepada masyarakat/Pemda;Belanja Barang;220881833000
Ditjen Prasarana dan Sarana Pertanian;Direktorat Pupuk dan Pestisida;Belanja Barang Non Operasional Lainnya;Belanja Barang;50000000
Ditjen Prasarana dan Sarana Pertanian;Direktorat Pupuk dan Pestisida;Belanja Barang Operasional Lainnya;Belanja Barang;15000000
Ditjen Prasarana dan Sarana Pertanian;Direktorat Pupuk dan Pestisida;Belanja Barang Persediaan Barang Konsumsi;Belanja Barang;564000000
Ditjen Prasarana dan Sarana Pertanian;Direktorat Pupuk dan Pestisida;Belanja Biaya Pemeliharaan Gedung dan Bangunan;Belanja Modal;992800000
Ditjen Prasarana dan Sarana Pertanian;Direktorat Pupuk dan Pestisida;Belanja Biaya Pemeliharaan Peralatan dan Mesin;Belanja Modal;2994930000
Ditjen Prasarana dan Sarana Pertanian;Direktorat Pupuk dan Pestisida;Belanja Gaji Pokok PNS;Belanja Pegawai;20302590000
Ditjen Prasarana dan Sarana Pertanian;Direktorat Pupuk dan Pestisida;Belanja Jasa Konsultan;Belanja Jasa;50000000
Ditjen Prasarana dan Sarana Pertanian;Direktorat Pupuk dan Pestisida;Belanja Jasa Lainnya;Belanja Jasa;8345900000
Ditjen Prasarana dan Sarana Pertanian;Direktorat Pupuk dan Pestisida;Belanja Jasa Profesi;Belanja Jasa;28062100000
Ditjen Prasarana dan Sarana Pertanian;Direktorat Pupuk dan Pestisida;Belanja Keperluan Perkantoran;Belanja Barang;4636860000
Ditjen Prasarana dan Sarana Pertanian;Direktorat Pupuk dan Pestisida;Belanja Langganan Listrik;Belanja Barang;300000000
Ditjen Prasarana dan Sarana Pertanian;Direktorat Pupuk dan Pestisida;Belanja Langganan Telepon;Belanja Barang;420000000
Ditjen Prasarana dan Sarana Pertanian;Direktorat Pupuk dan Pestisida;Belanja Modal Lainnya;Belanja Modal;36000000
Ditjen Prasarana dan Sarana Pertanian;Direktorat Pupuk dan Pestisida;Belanja Modal Peralatan dan Mesin;Belanja Modal;5205800000
Ditjen Prasarana dan Sarana Pertanian;Direktorat Pupuk dan Pestisida;Belanja Pembulatan Gaji PNS;Belanja Pegawai;6500000
Ditjen Prasarana dan Sarana Pertanian;Direktorat Pupuk dan Pestisida;Belanja pengiriman surat dinas pos pusat;Belanja Barang;286000000
Ditjen Prasarana dan Sarana Pertanian;Direktorat Pupuk dan Pestisida;Belanja perjalanan biasa;Belanja Perjalanan;34306100000
Ditjen Prasarana dan Sarana Pertanian;Direktorat Pupuk dan Pestisida;Belanja Perjalanan Dinas Dalam Kota;Belanja Perjalanan;5293000000
Ditjen Prasarana dan Sarana Pertanian;Direktorat Pupuk dan Pestisida;Belanja Perjalanan Dinas Paket Meeting Dalam Kota;Belanja Perjalanan;1020800000
Ditjen Prasarana dan Sarana Pertanian;Direktorat Pupuk dan Pestisida;Belanja Perjalanan Dinas Paket Meeting Luar Kota;Belanja Perjalanan;21177482000
Ditjen Prasarana dan Sarana Pertanian;Direktorat Pupuk dan Pestisida;Belanja perjalanan lainnya - luar negeri;Belanja Perjalanan;3031000000
Ditjen Prasarana dan Sarana Pertanian;Direktorat Pupuk dan Pestisida;Belanja Sewa;Belanja Barang;3314500000
Ditjen Prasarana dan Sarana Pertanian;Direktorat Pupuk dan Pestisida;Belanja Tunj. Anak PNS;Belanja Pegawai;381023000
Ditjen Prasarana dan Sarana Pertanian;Direktorat Pupuk dan Pestisida;Belanja Tunj. Beras PNS;Belanja Pegawai;1750858000
Ditjen Prasarana dan Sarana Pertanian;Direktorat Pupuk dan Pestisida;Belanja Tunj. Fungsional PNS;Belanja Pegawai;162000000
Ditjen Prasarana dan Sarana Pertanian;Direktorat Pupuk dan Pestisida;Belanja Tunj. PPh PNS;Belanja Pegawai;680325000
Ditjen Prasarana dan Sarana Pertanian;Direktorat Pupuk dan Pestisida;Belanja Tunj. Struktural PNS;Belanja Pegawai;1881100000
Ditjen Prasarana dan Sarana Pertanian;Direktorat Pupuk dan Pestisida;Belanja Tunj. Suami/Istri PNS;Belanja Pegawai;1699135000
Ditjen Prasarana dan Sarana Pertanian;Direktorat Pupuk dan Pestisida;Belanja Tunjangan Umum PNS;Belanja Pegawai;1040700000
Ditjen Prasarana dan Sarana Pertanian;Direktorat Pupuk dan Pestisida;Belanja uang lembur;Belanja Pegawai;720270000
Ditjen Prasarana dan Sarana Pertanian;Direktorat Pupuk dan Pestisida;Belanja Uang Makan PNS;Belanja Pegawai;3470000000
Ditjen Prasarana dan Sarana Pertanian;Direktorat Pupuk dan Pestisida;Honor Output Kegiatan;Belanja Pegawai;7302410000
Ditjen Prasarana dan Sarana Pertanian;Sek Ditjen PSP;Belanja Bahan;Belanja Bahan;4086815000
Ditjen Prasarana dan Sarana Pertanian;Sek Ditjen PSP;Belanja Barang Non Operasional Lainnya;Belanja Barang;138300000
Ditjen Prasarana dan Sarana Pertanian;Sek Ditjen PSP;Belanja Barang Persediaan Barang Konsumsi;Belanja Barang;1575400000
Ditjen Prasarana dan Sarana Pertanian;Sek Ditjen PSP;Belanja Biaya Pemeliharaan Peralatan dan Mesin;Belanja Modal;30000000
Ditjen Prasarana dan Sarana Pertanian;Sek Ditjen PSP;Belanja Jasa Lainnya;Belanja Jasa;27702490000
Ditjen Prasarana dan Sarana Pertanian;Sek Ditjen PSP;Belanja Jasa Profesi;Belanja Jasa;1853600000
Ditjen Prasarana dan Sarana Pertanian;Sek Ditjen PSP;Belanja Modal Lainnya;Belanja Modal;100000000
Ditjen Prasarana dan Sarana Pertanian;Sek Ditjen PSP;Belanja pengiriman surat dinas pos pusat;Belanja Barang;5000000
Ditjen Prasarana dan Sarana Pertanian;Sek Ditjen PSP;Belanja perjalanan biasa;Belanja Perjalanan;25093930000
Ditjen Prasarana dan Sarana Pertanian;Sek Ditjen PSP;Belanja Perjalanan Dinas Dalam Kota;Belanja Perjalanan;344200000
Ditjen Prasarana dan Sarana Pertanian;Sek Ditjen PSP;Belanja Perjalanan Dinas Paket Meeting Dalam Kota;Belanja Perjalanan;499300000
Ditjen Prasarana dan Sarana Pertanian;Sek Ditjen PSP;Belanja Perjalanan Dinas Paket Meeting Luar Kota;Belanja Perjalanan;9477067000
Ditjen Prasarana dan Sarana Pertanian;Sek Ditjen PSP;Belanja Sewa;Belanja Barang;1054605000
Ditjen Prasarana dan Sarana Pertanian;Sek Ditjen PSP;Honor Operasional Satuan Kerja;Belanja Pegawai;1687370000
Ditjen Prasarana dan Sarana Pertanian;Sek Ditjen PSP;Honor Output Kegiatan;Belanja Pegawai;1457250000
Ditjen Tanaman Pangan;Direktorat Aneka Kacang dan Umbi;Belanja Bahan;Belanja Bahan;1303768000
Ditjen Tanaman Pangan;Direktorat Aneka Kacang dan Umbi;Belanja Barang Non Operasional Lainnya;Belanja Barang;1990000000
Ditjen Tanaman Pangan;Direktorat Aneka Kacang dan Umbi;Belanja Barang Operasional Lainnya;Belanja Barang;81000000
Ditjen Tanaman Pangan;Direktorat Aneka Kacang dan Umbi;Belanja Barang Persediaan Barang Konsumsi;Belanja Barang;171000000
Ditjen Tanaman Pangan;Direktorat Aneka Kacang dan Umbi;Belanja Biaya Pemeliharaan Lainnya;Belanja Modal;43500000
Ditjen Tanaman Pangan;Direktorat Aneka Kacang dan Umbi;Belanja Jasa Profesi;Belanja Jasa;221600000
Ditjen Tanaman Pangan;Direktorat Aneka Kacang dan Umbi;Belanja Keperluan Perkantoran;Belanja Bahan;91200000
Ditjen Tanaman Pangan;Direktorat Aneka Kacang dan Umbi;Belanja Modal Peralatan dan Mesin;Belanja Modal;500000000
Ditjen Tanaman Pangan;Direktorat Aneka Kacang dan Umbi;Belanja pengiriman surat dinas pos pusat;Belanja Barang;11300000
Ditjen Tanaman Pangan;Direktorat Aneka Kacang dan Umbi;Belanja perjalanan biasa;Belanja Perjalanan;2176874000
Ditjen Tanaman Pangan;Direktorat Aneka Kacang dan Umbi;Belanja Perjalanan Dinas Dalam Kota;Belanja Perjalanan;60000000
Ditjen Tanaman Pangan;Direktorat Aneka Kacang dan Umbi;Belanja Perjalanan Dinas Paket Meeting Dalam Kota;Belanja Perjalanan;35000000
Ditjen Tanaman Pangan;Direktorat Aneka Kacang dan Umbi;Belanja Perjalanan Dinas Paket Meeting Luar Kota;Belanja Perjalanan;821000000
Ditjen Tanaman Pangan;Direktorat Aneka Kacang dan Umbi;Belanja Sewa;Belanja Barang;494000000
Ditjen Tanaman Pangan;Direktorat Aneka Kacang dan Umbi;Honor Output Kegiatan;Belanja Pegawai;193908000
Ditjen Tanaman Pangan;Direktorat Pengolahan dan Pemasaran Hasil Tanaman Pangan;Belanja Bahan;Belanja Bahan;680226000
Ditjen Tanaman Pangan;Direktorat Pengolahan dan Pemasaran Hasil Tanaman Pangan;Belanja Barang Persediaan Barang Konsumsi;Belanja Barang;290500000
Ditjen Tanaman Pangan;Direktorat Pengolahan dan Pemasaran Hasil Tanaman Pangan;Belanja Biaya Pemeliharaan Peralatan dan Mesin;Belanja Modal;20000000
Ditjen Tanaman Pangan;Direktorat Pengolahan dan Pemasaran Hasil Tanaman Pangan;Belanja Gedung dan Bangunan untuk diserahkan kepada masyarakat/Pemda;Belanja Modal;21520000000
Ditjen Tanaman Pangan;Direktorat Pengolahan dan Pemasaran Hasil Tanaman Pangan;Belanja Jasa Lainnya;Belanja Jasa;589500000
Ditjen Tanaman Pangan;Direktorat Pengolahan dan Pemasaran Hasil Tanaman Pangan;Belanja Jasa Profesi;Belanja Jasa;541700000
Ditjen Tanaman Pangan;Direktorat Pengolahan dan Pemasaran Hasil Tanaman Pangan;Belanja Keperluan Perkantoran;Belanja Bahan;86400000
Ditjen Tanaman Pangan;Direktorat Pengolahan dan Pemasaran Hasil Tanaman Pangan;Belanja Modal Lainnya;Belanja Modal;10000000
Ditjen Tanaman Pangan;Direktorat Pengolahan dan Pemasaran Hasil Tanaman Pangan;Belanja Modal Peralatan dan Mesin;Belanja Modal;612000000
Ditjen Tanaman Pangan;Direktorat Pengolahan dan Pemasaran Hasil Tanaman Pangan;Belanja pengiriman surat dinas pos pusat;Belanja Barang;6000000
Ditjen Tanaman Pangan;Direktorat Pengolahan dan Pemasaran Hasil Tanaman Pangan;Belanja Peralatan dan Mesin untuk diserahkan kepada masyarakat/Pemda;Belanja Barang;632182260000
Ditjen Tanaman Pangan;Direktorat Pengolahan dan Pemasaran Hasil Tanaman Pangan;Belanja perjalanan biasa;Belanja Perjalanan;4920800000
Ditjen Tanaman Pangan;Direktorat Pengolahan dan Pemasaran Hasil Tanaman Pangan;Belanja Perjalanan Dinas Dalam Kota;Belanja Perjalanan;67500000
Ditjen Tanaman Pangan;Direktorat Pengolahan dan Pemasaran Hasil Tanaman Pangan;Belanja Perjalanan Dinas Paket Meeting Dalam Kota;Belanja Perjalanan;186780000
Ditjen Tanaman Pangan;Direktorat Pengolahan dan Pemasaran Hasil Tanaman Pangan;Belanja Perjalanan Dinas Paket Meeting Luar Kota;Belanja Perjalanan;205000000
Ditjen Tanaman Pangan;Direktorat Pengolahan dan Pemasaran Hasil Tanaman Pangan;Belanja Sewa;Belanja Barang;207000000
Ditjen Tanaman Pangan;Direktorat Pengolahan dan Pemasaran Hasil Tanaman Pangan;Honor Output Kegiatan;Belanja Pegawai;195950000
Ditjen Tanaman Pangan;Direktorat Perbenihan Tanaman Pangan;Belanja Bahan;Belanja Bahan;2211723000
Ditjen Tanaman Pangan;Direktorat Perbenihan Tanaman Pangan;Belanja Barang Non Operasional Lainnya;Belanja Barang;300000000
Ditjen Tanaman Pangan;Direktorat Perbenihan Tanaman Pangan;Belanja Barang Persediaan Barang Konsumsi;Belanja Barang;288952000
Ditjen Tanaman Pangan;Direktorat Perbenihan Tanaman Pangan;Belanja Jasa Lainnya;Belanja Jasa;743500000
Ditjen Tanaman Pangan;Direktorat Perbenihan Tanaman Pangan;Belanja Jasa Profesi;Belanja Jasa;1579600000
Ditjen Tanaman Pangan;Direktorat Perbenihan Tanaman Pangan;Belanja Keperluan Perkantoran;Belanja Bahan;72000000
Ditjen Tanaman Pangan;Direktorat Perbenihan Tanaman Pangan;Belanja Modal Lainnya;Belanja Modal;50000000
Ditjen Tanaman Pangan;Direktorat Perbenihan Tanaman Pangan;Belanja Modal Peralatan dan Mesin;Belanja Modal;311000000
Ditjen Tanaman Pangan;Direktorat Perbenihan Tanaman Pangan;Belanja pengiriman surat dinas pos pusat;Belanja Barang;174148000
Ditjen Tanaman Pangan;Direktorat Perbenihan Tanaman Pangan;Belanja perjalanan biasa;Belanja Perjalanan;4656856000
Ditjen Tanaman Pangan;Direktorat Perbenihan Tanaman Pangan;Belanja Perjalanan Dinas Dalam Kota;Belanja Perjalanan;9320000
Ditjen Tanaman Pangan;Direktorat Perbenihan Tanaman Pangan;Belanja Perjalanan Dinas Paket Meeting Dalam Kota;Belanja Perjalanan;393280000
Ditjen Tanaman Pangan;Direktorat Perbenihan Tanaman Pangan;Belanja Perjalanan Dinas Paket Meeting Luar Kota;Belanja Perjalanan;600402000
Ditjen Tanaman Pangan;Direktorat Perbenihan Tanaman Pangan;Belanja Sewa;Belanja Barang;107963000
Ditjen Tanaman Pangan;Direktorat Perbenihan Tanaman Pangan;Honor Output Kegiatan;Belanja Pegawai;107800000
Ditjen Tanaman Pangan;Direktorat Perlindungan Tanaman Pangan;Belanja Bahan;Belanja Bahan;1066858000
Ditjen Tanaman Pangan;Direktorat Perlindungan Tanaman Pangan;Belanja Barang Lainnya untuk diserahkan kepada masyarakat/Pemda;Belanja Barang;9267000000
Ditjen Tanaman Pangan;Direktorat Perlindungan Tanaman Pangan;Belanja Barang Persediaan bahan baku;Belanja Barang;988896000
Ditjen Tanaman Pangan;Direktorat Perlindungan Tanaman Pangan;Belanja Barang Persediaan Barang Konsumsi;Belanja Barang;325000000
Ditjen Tanaman Pangan;Direktorat Perlindungan Tanaman Pangan;Belanja Barang Persediaan Lainnya;Belanja Barang;850132000
Ditjen Tanaman Pangan;Direktorat Perlindungan Tanaman Pangan;Belanja Barang untuk Bantuan Lainnya yang Memiliki Karakteristik Bantuan Pemerintah;Belanja Barang;50000000000
Ditjen Tanaman Pangan;Direktorat Perlindungan Tanaman Pangan;Belanja Biaya Pemeliharaan Peralatan dan Mesin Lainnya;Belanja Modal;185000000
Ditjen Tanaman Pangan;Direktorat Perlindungan Tanaman Pangan;Belanja Jasa Lainnya;Belanja Jasa;455906000
Ditjen Tanaman Pangan;Direktorat Perlindungan Tanaman Pangan;Belanja Jasa Profesi;Belanja Jasa;64300000
Ditjen Tanaman Pangan;Direktorat Perlindungan Tanaman Pangan;Belanja Modal Gedung dan Bangunan;Belanja Modal;26000000000
Ditjen Tanaman Pangan;Direktorat Perlindungan Tanaman Pangan;Belanja Modal Peralatan dan Mesin;Belanja Modal;2675570000
Ditjen Tanaman Pangan;Direktorat Perlindungan Tanaman Pangan;Belanja Modal Perencanaan dan Pengawasan Gedung dan Bangunan;Belanja Modal;650000000
Ditjen Tanaman Pangan;Direktorat Perlindungan Tanaman Pangan;Belanja Modal Perizinan Gedung dan Bangunan;Belanja Modal;50000000
Ditjen Tanaman Pangan;Direktorat Perlindungan Tanaman Pangan;Belanja Modal Perjalanan Gedung dan Bangunan;Belanja Modal;33000000
Ditjen Tanaman Pangan;Direktorat Perlindungan Tanaman Pangan;Belanja Penambah Daya Tahan Tubuh;Belanja Barang;160056000
Ditjen Tanaman Pangan;Direktorat Perlindungan Tanaman Pangan;Belanja pengiriman surat dinas pos pusat;Belanja Barang;20000000
Ditjen Tanaman Pangan;Direktorat Perlindungan Tanaman Pangan;Belanja Peralatan dan Mesin untuk diserahkan kepada masyarakat/Pemda;Belanja Barang;40050000000
Ditjen Tanaman Pangan;Direktorat Perlindungan Tanaman Pangan;Belanja perjalanan biasa;Belanja Perjalanan;6314562000
Ditjen Tanaman Pangan;Direktorat Perlindungan Tanaman Pangan;Belanja Perjalanan Dinas Dalam Kota;Belanja Perjalanan;895650000
Ditjen Tanaman Pangan;Direktorat Perlindungan Tanaman Pangan;Belanja Perjalanan Dinas Paket Meeting Dalam Kota;Belanja Perjalanan;64590000
Ditjen Tanaman Pangan;Direktorat Perlindungan Tanaman Pangan;Belanja Perjalanan Dinas Paket Meeting Luar Kota;Belanja Perjalanan;866684000
Ditjen Tanaman Pangan;Direktorat Perlindungan Tanaman Pangan;Belanja Sewa;Belanja Barang;6040000
Ditjen Tanaman Pangan;Direktorat Perlindungan Tanaman Pangan;Honor Output Kegiatan;Belanja Pegawai;50010000
Ditjen Tanaman Pangan;Direktorat Serealia;Belanja Bahan;Belanja Bahan;2383490000
Ditjen Tanaman Pangan;Direktorat Serealia;Belanja Barang Lainnya untuk diserahkan kepada masyarakat/Pemda;Belanja Barang;630000000000
Ditjen Tanaman Pangan;Direktorat Serealia;Belanja Barang Non Operasional Lainnya;Belanja Barang;6550000000
Ditjen Tanaman Pangan;Direktorat Serealia;Belanja Barang Persediaan Barang Konsumsi;Belanja Barang;140000000
Ditjen Tanaman Pangan;Direktorat Serealia;Belanja Barang untuk Bantuan Lainnya yang Memiliki Karakteristik Bantuan Pemerintah;Belanja Barang;494256120000
Ditjen Tanaman Pangan;Direktorat Serealia;Belanja Biaya Pemeliharaan Peralatan dan Mesin;Belanja Modal;50000000
Ditjen Tanaman Pangan;Direktorat Serealia;Belanja Jasa Lainnya;Belanja Jasa;870800000
Ditjen Tanaman Pangan;Direktorat Serealia;Belanja Jasa Profesi;Belanja Jasa;1615000000
Ditjen Tanaman Pangan;Direktorat Serealia;Belanja Modal Peralatan dan Mesin;Belanja Modal;690505000
Ditjen Tanaman Pangan;Direktorat Serealia;Belanja Penambah Daya Tahan Tubuh;Belanja Barang;120000000
Ditjen Tanaman Pangan;Direktorat Serealia;Belanja pengiriman surat dinas pos pusat;Belanja Barang;42841000
Ditjen Tanaman Pangan;Direktorat Serealia;Belanja perjalanan biasa;Belanja Perjalanan;11097970000
Ditjen Tanaman Pangan;Direktorat Serealia;Belanja Perjalanan Dinas Dalam Kota;Belanja Perjalanan;226800000
Ditjen Tanaman Pangan;Direktorat Serealia;Belanja Perjalanan Dinas Paket Meeting Dalam Kota;Belanja Perjalanan;1100040000
Ditjen Tanaman Pangan;Direktorat Serealia;Belanja Perjalanan Dinas Paket Meeting Luar Kota;Belanja Perjalanan;517750000
Ditjen Tanaman Pangan;Direktorat Serealia;Belanja Sewa;Belanja Barang;1321320000
Ditjen Tanaman Pangan;Direktorat Serealia;Honor Output Kegiatan;Belanja Pegawai;14100000
Ditjen Tanaman Pangan;Sek Ditjen Tanaman Pangan;Belanja Bahan;Belanja Bahan;6531557000
Ditjen Tanaman Pangan;Sek Ditjen Tanaman Pangan;Belanja Barang Lainnya untuk diserahkan kepada masyarakat/Pemda;Belanja Barang;30000000000
Ditjen Tanaman Pangan;Sek Ditjen Tanaman Pangan;Belanja Barang Non Operasional Lainnya;Belanja Barang;15228000000
Ditjen Tanaman Pangan;Sek Ditjen Tanaman Pangan;Belanja Barang Operasional Lainnya;Belanja Barang;129150000
Ditjen Tanaman Pangan;Sek Ditjen Tanaman Pangan;Belanja Barang Persediaan Barang Konsumsi;Belanja Barang;831585000
Ditjen Tanaman Pangan;Sek Ditjen Tanaman Pangan;Belanja Barang Persediaan Pita Cukai, Meterai dan Leges;Belanja Barang;4200000
Ditjen Tanaman Pangan;Sek Ditjen Tanaman Pangan;Belanja Barang untuk Bantuan Lainnya yang Memiliki Karakteristik Bantuan Pemerintah;Belanja Barang;37600000000
Ditjen Tanaman Pangan;Sek Ditjen Tanaman Pangan;Belanja Biaya Pemeliharaan Gedung dan Bangunan;Belanja Modal;4547022000
Ditjen Tanaman Pangan;Sek Ditjen Tanaman Pangan;Belanja Biaya Pemeliharaan Peralatan dan Mesin;Belanja Modal;3833840000
Ditjen Tanaman Pangan;Sek Ditjen Tanaman Pangan;Belanja Gaji Pokok PNS;Belanja Pegawai;25227453000
Ditjen Tanaman Pangan;Sek Ditjen Tanaman Pangan;Belanja Jasa Konsultan;Belanja Jasa;42000000
Ditjen Tanaman Pangan;Sek Ditjen Tanaman Pangan;Belanja Jasa Lainnya;Belanja Jasa;2544500000
Ditjen Tanaman Pangan;Sek Ditjen Tanaman Pangan;Belanja Jasa Pos dan Giro;Belanja Jasa;23000000
Ditjen Tanaman Pangan;Sek Ditjen Tanaman Pangan;Belanja Jasa Profesi;Belanja Jasa;3751350000
Ditjen Tanaman Pangan;Sek Ditjen Tanaman Pangan;Belanja Keperluan Perkantoran;Belanja Bahan;6384090000
Ditjen Tanaman Pangan;Sek Ditjen Tanaman Pangan;Belanja Langganan Listrik;Belanja Barang;1920000000
Ditjen Tanaman Pangan;Sek Ditjen Tanaman Pangan;Belanja Langganan Telepon;Belanja Barang;240000000
Ditjen Tanaman Pangan;Sek Ditjen Tanaman Pangan;Belanja Modal Peralatan dan Mesin;Belanja Modal;2576100000
Ditjen Tanaman Pangan;Sek Ditjen Tanaman Pangan;Belanja Pegawai Transito;Belanja Pegawai;7570571000
Ditjen Tanaman Pangan;Sek Ditjen Tanaman Pangan;Belanja Pembulatan Gaji PNS;Belanja Pegawai;388000
Ditjen Tanaman Pangan;Sek Ditjen Tanaman Pangan;Belanja Penambahan Nilai Gedung dan Bangunan;Belanja Modal;2248000000
Ditjen Tanaman Pangan;Sek Ditjen Tanaman Pangan;Belanja pengiriman surat dinas pos pusat;Belanja Barang;231700000
Ditjen Tanaman Pangan;Sek Ditjen Tanaman Pangan;Belanja Peralatan dan Mesin untuk diserahkan kepada masyarakat/Pemda;Belanja Barang;40000000000
Ditjen Tanaman Pangan;Sek Ditjen Tanaman Pangan;Belanja perjalanan biasa;Belanja Perjalanan;14986872000
Ditjen Tanaman Pangan;Sek Ditjen Tanaman Pangan;Belanja Perjalanan Dinas Dalam Kota;Belanja Perjalanan;1055740000
Ditjen Tanaman Pangan;Sek Ditjen Tanaman Pangan;Belanja Perjalanan Dinas Paket Meeting Dalam Kota;Belanja Perjalanan;1880550000
Ditjen Tanaman Pangan;Sek Ditjen Tanaman Pangan;Belanja Perjalanan Dinas Paket Meeting Luar Kota;Belanja Perjalanan;9547388000
Ditjen Tanaman Pangan;Sek Ditjen Tanaman Pangan;Belanja perjalanan lainnya - luar negeri;Belanja Perjalanan;1000000000
Ditjen Tanaman Pangan;Sek Ditjen Tanaman Pangan;Belanja Sewa;Belanja Barang;2009100000
Ditjen Tanaman Pangan;Sek Ditjen Tanaman Pangan;Belanja Tunj. Anak PNS;Belanja Pegawai;545399000
Ditjen Tanaman Pangan;Sek Ditjen Tanaman Pangan;Belanja Tunj. Beras PNS;Belanja Pegawai;1468849000
Ditjen Tanaman Pangan;Sek Ditjen Tanaman Pangan;Belanja Tunj. Fungsional PNS;Belanja Pegawai;436380000
Ditjen Tanaman Pangan;Sek Ditjen Tanaman Pangan;Belanja Tunj. Lain lain termasuk uang duka PNS Dalam dan Luar Negeri;Belanja Pegawai;100000000
Ditjen Tanaman Pangan;Sek Ditjen Tanaman Pangan;Belanja Tunj. PPh PNS;Belanja Pegawai;192155000
Ditjen Tanaman Pangan;Sek Ditjen Tanaman Pangan;Belanja Tunj. Struktural PNS;Belanja Pegawai;1114540000
Ditjen Tanaman Pangan;Sek Ditjen Tanaman Pangan;Belanja Tunj. Suami/Istri PNS;Belanja Pegawai;1841462000
Ditjen Tanaman Pangan;Sek Ditjen Tanaman Pangan;Belanja Tunjangan Umum PNS;Belanja Pegawai;1099630000
Ditjen Tanaman Pangan;Sek Ditjen Tanaman Pangan;Belanja uang lembur;Belanja Pegawai;1500000000
Ditjen Tanaman Pangan;Sek Ditjen Tanaman Pangan;Belanja Uang Makan PNS;Belanja Pegawai;4427280000
Ditjen Tanaman Pangan;Sek Ditjen Tanaman Pangan;Honor Operasional Satuan Kerja;Belanja Pegawai;1807080000
Ditjen Tanaman Pangan;Sek Ditjen Tanaman Pangan;Honor Output Kegiatan;Belanja Pegawai;3060810000
